EFFECTIVE_DATE,TYPE,SUBTYPE,EMP_ID,FULL_NAME,FIRST_NAME,LAST_NAME,MIDDLE_NAME_INITIAL,EMAIL,FTE_TYPE,WORK_LOC_STATUS,FULL_TIME_PART_TIME,EXEMPT_BONUS_FLAG,STATUS_ACTIVE_TERMED,ACQUIRED_COMPANY_NAME,COMPENSATION_GRADE,HIRE_DATE,COMPENSATION_GRADE_GROUPING,HIRE_APPROVAL_DATE,CONTINUOUS_SERVICE_DATE,TERMINATION_DATE,TERMINATION_APPROVAL_DATE,TERMINATION_REGRET_NONREGRET,TERMINATION_VOL_INVOL,LAST_WORK_DATE,LENGTH_OF_SERVICE,TENURE_GROUPING,ECOMM_ROLLUP,MANAGER_ID,MANAGER_NAME,MGT_CHAIN_LVL_01_NM,MGT_CHAIN_LVL_02_NM,MGT_CHAIN_LVL_03_NM,MGT_CHAIN_LVL_04_NM,MGT_CHAIN_LVL_05_NM,MGT_CHAIN_LVL_06_NM,MGT_CHAIN_LVL_07_NM,MGT_CHAIN_LVL_08_NM,MGT_CHAIN_LVL_09_NM,MGT_CHAIN_LVL_10_NM,MGT_CHAIN_LVL_11_NM,MGT_CHAIN_LVL_12_NM,MGT_CHAIN_LVL_13_NM,MGT_CHAIN_LVL_14_NM,IS_MANAGER_FLAG,EMP_BUSINESS_TITLE,AE_VS_NONAE_TOTAL_COMPANY,EMP_LOCATION_STATE_COUNTRY_CITY,EMP_MARKET_SEGMENT_SALES_CSG_ONLY,EMP_COMPANY_ENTITY_ID,EMP_COMPANY_ENTITY_NAME,EMP_GEOGRAPHIC_REGION_DIVISION,EMP_CONSOLIDATED_GEO,EMP_PCC_ID,EMP_PCC_NAME,EMP_FTE_TIME_PERCENTAGE,EMP_PRIMARY_JOB_WORKSPACE,EMP_RECORD_DELETE_FLAG,JOB_CODE_ID,JOB_NAME,JOB_FAMILY,JOB_FAMILY_GROUP,ABV_HIERARCHY_LEVEL_0,ABV_HIERARCHY_LEVEL_1,ABV_HIERARCHY_LEVEL_2,ABV_HIERARCHY_LEVEL_3,COST_CENTER_ID,COST_CENTER_NAME,BUSINESS_UNIT_ID,BUSINESS_UNIT_NAME,PRODUCT_ID,PRODUCT_NAME,INDUSTRY_ID,INDUSTRY_NAME,MARKET_SEGMENT_ID,MARKET_SEGMENT_NAME,REGION_HIERARCHY,AE_FLAG,CURRENT_POSITION_EFCTV_DT,LAST_POSITION_CHNG_EFCTV_DT,POSITION_ID,POSITION_NAME,STAFFING_STATUS,PRIMARY_POSITION,POSITION_VACATED_DATE,CURRENT_POSITION_FILLED,PLANNING_ORG_ID,PLANNING_ORG_NAME,FISCAL_QUARTER_NAME,FISCAL_QUARTER_WITH_YEAR,FISCAL_YEAR,FISCAL_YEAR_NAME,FISCAL_YEAR_MONTH,FISCAL_MONTH_NAME,FISCAL_QUARTER_YEAR,FY_MONTH_YEAR,EOW_FLAG,EOM_FLAG,FISCAL_EOQ_FLAG,FISCAL_EOY_FLAG,RECORD_COUNT,CREATED_BY,CREATION_DATE,LAST_UPDATED_BY,LAST_UPDATE_DATE,SOURCE_CREATED_BY,SOURCE_CREATION_DATE,SOURCE_LAST_UPDATED_BY,SOURCE_LAST_UPDATE_DATE
2025-01-01,EMP,HEADCOUNT,E00001,Employee 1,First1,Last1,A,emp1@test.com,Regular,Hybrid,FULL_TIME,Y,ACTIVE,CompanyX,G5,2025-01-01,Mid,2025-01-01,2025-01-01,,,,,,1.0,0-5 Years,Ecomm,M2,Manager2,Leader1,Leader2,Leader3,Leader4,Leader5,Leader6,Leader7,Leader8,Leader9,Leader10,Leader11,Leader12,Leader13,Leader14,N,Software Engineer,NONAE,"Bangalore,India",Enterprise,CE1,Entity1,APAC,India,PCC1,Engineering,100,Office,N,JC1,Engineer,Technology,Engineering,L0,L1,L2,L3,CC1,IT,BU1,Tech,PR1,ProductA,IN1,Software,MS1,Enterprise,India>South,N,2025-01-01,2025-01-01,POS1,SE,Filled,Y,,Y,ORG1,Planning Org,Q1,Q1 FY25,2025,FY25,2025-01,January,Q1-2025,Jan-2025,N,N,N,N,1,SYSTEM,2026-07-01 09:13:04.599650,SYSTEM,2026-07-01 09:13:04.599655,SYSTEM,2026-07-01 09:13:04.599655,SYSTEM,2026-07-01 09:13:04.599656
2025-01-02,EMP,HEADCOUNT,E00002,Employee 2,First2,Last2,A,emp2@test.com,Regular,Hybrid,FULL_TIME,Y,ACTIVE,CompanyX,G5,2025-01-02,Mid,2025-01-02,2025-01-02,,,,,,2.0,0-5 Years,Ecomm,M3,Manager3,Leader1,Leader2,Leader3,Leader4,Leader5,Leader6,Leader7,Leader8,Leader9,Leader10,Leader11,Leader12,Leader13,Leader14,N,Software Engineer,NONAE,"Bangalore,India",Enterprise,CE1,Entity1,APAC,India,PCC1,Engineering,100,Office,N,JC2,Engineer,Technology,Engineering,L0,L1,L2,L3,CC1,IT,BU1,Tech,PR1,ProductA,IN1,Software,MS1,Enterprise,India>South,N,2025-01-02,2025-01-02,POS2,SE,Filled,Y,,Y,ORG1,Planning Org,Q1,Q1 FY25,2025,FY25,2025-01,January,Q1-2025,Jan-2025,N,N,N,N,1,SYSTEM,2026-07-01 09:13:04.599666,SYSTEM,2026-07-01 09:13:04.599667,SYSTEM,2026-07-01 09:13:04.599667,SYSTEM,2026-07-01 09:13:04.599667
2025-01-03,EMP,HEADCOUNT,E00003,Employee 3,First3,Last3,A,emp3@test.com,Regular,Hybrid,FULL_TIME,Y,ACTIVE,CompanyX,G5,2025-01-03,Mid,2025-01-03,2025-01-03,,,,,,3.0,0-5 Years,Ecomm,M4,Manager4,Leader1,Leader2,Leader3,Leader4,Leader5,Leader6,Leader7,Leader8,Leader9,Leader10,Leader11,Leader12,Leader13,Leader14,N,Software Engineer,NONAE,"Bangalore,India",Enterprise,CE1,Entity1,APAC,India,PCC1,Engineering,100,Office,N,JC3,Engineer,Technology,Engineering,L0,L1,L2,L3,CC1,IT,BU1,Tech,PR1,ProductA,IN1,Software,MS1,Enterprise,India>South,N,2025-01-03,2025-01-03,POS3,SE,Filled,Y,,Y,ORG1,Planning Org,Q1,Q1 FY25,2025,FY25,2025-01,January,Q1-2025,Jan-2025,N,N,N,N,1,SYSTEM,2026-07-01 09:13:04.599673,SYSTEM,2026-07-01 09:13:04.599674,SYSTEM,2026-07-01 09:13:04.599674,SYSTEM,2026-07-01 09:13:04.599674
2025-01-04,EMP,HEADCOUNT,E00004,Employee 4,First4,Last4,A,emp4@test.com,Regular,Hybrid,FULL_TIME,Y,ACTIVE,CompanyX,G5,2025-01-04,Mid,2025-01-04,2025-01-04,,,,,,4.0,0-5 Years,Ecomm,M5,Manager5,Leader1,Leader2,Leader3,Leader4,Leader5,Leader6,Leader7,Leader8,Leader9,Leader10,Leader11,Leader12,Leader13,Leader14,N,Software Engineer,NONAE,"Bangalore,India",Enterprise,CE1,Entity1,APAC,India,PCC1,Engineering,100,Office,N,JC4,Engineer,Technology,Engineering,L0,L1,L2,L3,CC1,IT,BU1,Tech,PR1,ProductA,IN1,Software,MS1,Enterprise,India>South,N,2025-01-04,2025-01-04,POS4,SE,Filled,Y,,Y,ORG1,Planning Org,Q1,Q1 FY25,2025,FY25,2025-01,January,Q1-2025,Jan-2025,N,N,N,N,1,SYSTEM,2026-07-01 09:13:04.599679,SYSTEM,2026-07-01 09:13:04.599679,SYSTEM,2026-07-01 09:13:04.599680,SYSTEM,2026-07-01 09:13:04.599680
2025-01-05,EMP,HEADCOUNT,E00005,Employee 5,First5,Last5,A,emp5@test.com,Regular,Hybrid,FULL_TIME,Y,ACTIVE,CompanyX,G5,2025-01-05,Mid,2025-01-05,2025-01-05,,,,,,5.0,0-5 Years,Ecomm,M6,Manager6,Leader1,Leader2,Leader3,Leader4,Leader5,Leader6,Leader7,Leader8,Leader9,Leader10,Leader11,Leader12,Leader13,Leader14,N,Software Engineer,NONAE,"Bangalore,India",Enterprise,CE1,Entity1,APAC,India,PCC1,Engineering,100,Office,N,JC5,Engineer,Technology,Engineering,L0,L1,L2,L3,CC1,IT,BU1,Tech,PR1,ProductA,IN1,Software,MS1,Enterprise,India>South,N,2025-01-05,2025-01-05,POS5,SE,Filled,Y,,Y,ORG1,Planning Org,Q1,Q1 FY25,2025,FY25,2025-01,January,Q1-2025,Jan-2025,N,N,N,N,1,SYSTEM,2026-07-01 09:13:04.599685,SYSTEM,2026-07-01 09:13:04.599685,SYSTEM,2026-07-01 09:13:04.599685,SYSTEM,2026-07-01 09:13:04.599686
2025-01-06,EMP,HEADCOUNT,E00006,Employee 6,First6,Last6,A,emp6@test.com,Regular,Hybrid,FULL_TIME,Y,ACTIVE,CompanyX,G5,2025-01-06,Mid,2025-01-06,2025-01-06,,,,,,6.0,0-5 Years,Ecomm,M7,Manager7,Leader1,Leader2,Leader3,Leader4,Leader5,Leader6,Leader7,Leader8,Leader9,Leader10,Leader11,Leader12,Leader13,Leader14,N,Software Engineer,NONAE,"Bangalore,India",Enterprise,CE1,Entity1,APAC,India,PCC1,Engineering,100,Office,N,JC6,Engineer,Technology,Engineering,L0,L1,L2,L3,CC1,IT,BU1,Tech,PR1,ProductA,IN1,Software,MS1,Enterprise,India>South,N,2025-01-06,2025-01-06,POS6,SE,Filled,Y,,Y,ORG1,Planning Org,Q1,Q1 FY25,2025,FY25,2025-01,January,Q1-2025,Jan-2025,N,N,N,N,1,SYSTEM,2026-07-01 09:13:04.599690,SYSTEM,2026-07-01 09:13:04.599690,SYSTEM,2026-07-01 09:13:04.599691,SYSTEM,2026-07-01 09:13:04.599691
2025-01-07,EMP,HEADCOUNT,E00007,Employee 7,First7,Last7,A,emp7@test.com,Regular,Hybrid,FULL_TIME,Y,ACTIVE,CompanyX,G5,2025-01-07,Mid,2025-01-07,2025-01-07,,,,,,7.0,0-5 Years,Ecomm,M8,Manager8,Leader1,Leader2,Leader3,Leader4,Leader5,Leader6,Leader7,Leader8,Leader9,Leader10,Leader11,Leader12,Leader13,Leader14,N,Software Engineer,NONAE,"Bangalore,India",Enterprise,CE1,Entity1,APAC,India,PCC1,Engineering,100,Office,N,JC7,Engineer,Technology,Engineering,L0,L1,L2,L3,CC1,IT,BU1,Tech,PR1,ProductA,IN1,Software,MS1,Enterprise,India>South,N,2025-01-07,2025-01-07,POS7,SE,Filled,Y,,Y,ORG1,Planning Org,Q1,Q1 FY25,2025,FY25,2025-01,January,Q1-2025,Jan-2025,N,N,N,N,1,SYSTEM,2026-07-01 09:13:04.599695,SYSTEM,2026-07-01 09:13:04.599695,SYSTEM,2026-07-01 09:13:04.599695,SYSTEM,2026-07-01 09:13:04.599696
2025-01-08,EMP,HEADCOUNT,E00008,Employee 8,First8,Last8,A,emp8@test.com,Regular,Hybrid,FULL_TIME,Y,ACTIVE,CompanyX,G5,2025-01-08,Mid,2025-01-08,2025-01-08,,,,,,8.0,0-5 Years,Ecomm,M9,Manager9,Leader1,Leader2,Leader3,Leader4,Leader5,Leader6,Leader7,Leader8,Leader9,Leader10,Leader11,Leader12,Leader13,Leader14,N,Software Engineer,NONAE,"Bangalore,India",Enterprise,CE1,Entity1,APAC,India,PCC1,Engineering,100,Office,N,JC8,Engineer,Technology,Engineering,L0,L1,L2,L3,CC1,IT,BU1,Tech,PR1,ProductA,IN1,Software,MS1,Enterprise,India>South,N,2025-01-08,2025-01-08,POS8,SE,Filled,Y,,Y,ORG1,Planning Org,Q1,Q1 FY25,2025,FY25,2025-01,January,Q1-2025,Jan-2025,N,N,N,N,1,SYSTEM,2026-07-01 09:13:04.599700,SYSTEM,2026-07-01 09:13:04.599700,SYSTEM,2026-07-01 09:13:04.599700,SYSTEM,2026-07-01 09:13:04.599701
2025-01-09,EMP,HEADCOUNT,E00009,Employee 9,First9,Last9,A,emp9@test.com,Regular,Hybrid,FULL_TIME,Y,ACTIVE,CompanyX,G5,2025-01-09,Mid,2025-01-09,2025-01-09,,,,,,9.0,0-5 Years,Ecomm,M10,Manager10,Leader1,Leader2,Leader3,Leader4,Leader5,Leader6,Leader7,Leader8,Leader9,Leader10,Leader11,Leader12,Leader13,Leader14,N,Software Engineer,NONAE,"Bangalore,India",Enterprise,CE1,Entity1,APAC,India,PCC1,Engineering,100,Office,N,JC9,Engineer,Technology,Engineering,L0,L1,L2,L3,CC1,IT,BU1,Tech,PR1,ProductA,IN1,Software,MS1,Enterprise,India>South,N,2025-01-09,2025-01-09,POS9,SE,Filled,Y,,Y,ORG1,Planning Org,Q1,Q1 FY25,2025,FY25,2025-01,January,Q1-2025,Jan-2025,N,N,N,N,1,SYSTEM,2026-07-01 09:13:04.599705,SYSTEM,2026-07-01 09:13:04.599705,SYSTEM,2026-07-01 09:13:04.599705,SYSTEM,2026-07-01 09:13:04.599706
2025-01-10,EMP,HEADCOUNT,E00010,Employee 10,First10,Last10,A,emp10@test.com,Regular,Hybrid,FULL_TIME,Y,ACTIVE,CompanyX,G5,2025-01-10,Mid,2025-01-10,2025-01-10,,,,,,10.0,0-5 Years,Ecomm,M1,Manager1,Leader1,Leader2,Leader3,Leader4,Leader5,Leader6,Leader7,Leader8,Leader9,Leader10,Leader11,Leader12,Leader13,Leader14,N,Software Engineer,NONAE,"Bangalore,India",Enterprise,CE1,Entity1,APAC,India,PCC1,Engineering,100,Office,N,JC10,Engineer,Technology,Engineering,L0,L1,L2,L3,CC1,IT,BU1,Tech,PR1,ProductA,IN1,Software,MS1,Enterprise,India>South,N,2025-01-10,2025-01-10,POS10,SE,Filled,Y,,Y,ORG1,Planning Org,Q1,Q1 FY25,2025,FY25,2025-01,January,Q1-2025,Jan-2025,N,N,N,N,1,SYSTEM,2026-07-01 09:13:04.599710,SYSTEM,2026-07-01 09:13:04.599711,SYSTEM,2026-07-01 09:13:04.599711,SYSTEM,2026-07-01 09:13:04.599711
2025-01-01,EMP,HEADCOUNT,E00011,Employee 11,First11,Last11,A,emp11@test.com,Regular,Hybrid,FULL_TIME,Y,ACTIVE,CompanyX,G5,2025-01-01,Mid,2025-01-01,2025-01-01,,,,,,11.0,0-5 Years,Ecomm,M2,Manager2,Leader1,Leader2,Leader3,Leader4,Leader5,Leader6,Leader7,Leader8,Leader9,Leader10,Leader11,Leader12,Leader13,Leader14,N,Software Engineer,NONAE,"Bangalore,India",Enterprise,CE1,Entity1,APAC,India,PCC1,Engineering,100,Office,N,JC11,Engineer,Technology,Engineering,L0,L1,L2,L3,CC1,IT,BU1,Tech,PR1,ProductA,IN1,Software,MS1,Enterprise,India>South,N,2025-01-01,2025-01-01,POS11,SE,Filled,Y,,Y,ORG1,Planning Org,Q1,Q1 FY25,2025,FY25,2025-01,January,Q1-2025,Jan-2025,N,N,N,N,1,SYSTEM,2026-07-01 09:13:04.599715,SYSTEM,2026-07-01 09:13:04.599716,SYSTEM,2026-07-01 09:13:04.599716,SYSTEM,2026-07-01 09:13:04.599716
2025-01-02,EMP,HEADCOUNT,E00012,Employee 12,First12,Last12,A,emp12@test.com,Regular,Hybrid,FULL_TIME,Y,ACTIVE,CompanyX,G5,2025-01-02,Mid,2025-01-02,2025-01-02,,,,,,12.0,0-5 Years,Ecomm,M3,Manager3,Leader1,Leader2,Leader3,Leader4,Leader5,Leader6,Leader7,Leader8,Leader9,Leader10,Leader11,Leader12,Leader13,Leader14,N,Software Engineer,NONAE,"Bangalore,India",Enterprise,CE1,Entity1,APAC,India,PCC1,Engineering,100,Office,N,JC12,Engineer,Technology,Engineering,L0,L1,L2,L3,CC1,IT,BU1,Tech,PR1,ProductA,IN1,Software,MS1,Enterprise,India>South,N,2025-01-02,2025-01-02,POS12,SE,Filled,Y,,Y,ORG1,Planning Org,Q1,Q1 FY25,2025,FY25,2025-01,January,Q1-2025,Jan-2025,N,N,N,N,1,SYSTEM,2026-07-01 09:13:04.599721,SYSTEM,2026-07-01 09:13:04.599721,SYSTEM,2026-07-01 09:13:04.599721,SYSTEM,2026-07-01 09:13:04.599722
2025-01-03,EMP,HEADCOUNT,E00013,Employee 13,First13,Last13,A,emp13@test.com,Regular,Hybrid,FULL_TIME,Y,ACTIVE,CompanyX,G5,2025-01-03,Mid,2025-01-03,2025-01-03,,,,,,13.0,0-5 Years,Ecomm,M4,Manager4,Leader1,Leader2,Leader3,Leader4,Leader5,Leader6,Leader7,Leader8,Leader9,Leader10,Leader11,Leader12,Leader13,Leader14,N,Software Engineer,NONAE,"Bangalore,India",Enterprise,CE1,Entity1,APAC,India,PCC1,Engineering,100,Office,N,JC13,Engineer,Technology,Engineering,L0,L1,L2,L3,CC1,IT,BU1,Tech,PR1,ProductA,IN1,Software,MS1,Enterprise,India>South,N,2025-01-03,2025-01-03,POS13,SE,Filled,Y,,Y,ORG1,Planning Org,Q1,Q1 FY25,2025,FY25,2025-01,January,Q1-2025,Jan-2025,N,N,N,N,1,SYSTEM,2026-07-01 09:13:04.599726,SYSTEM,2026-07-01 09:13:04.599726,SYSTEM,2026-07-01 09:13:04.599726,SYSTEM,2026-07-01 09:13:04.599726
2025-01-04,EMP,HEADCOUNT,E00014,Employee 14,First14,Last14,A,emp14@test.com,Regular,Hybrid,FULL_TIME,Y,ACTIVE,CompanyX,G5,2025-01-04,Mid,2025-01-04,2025-01-04,,,,,,14.0,0-5 Years,Ecomm,M5,Manager5,Leader1,Leader2,Leader3,Leader4,Leader5,Leader6,Leader7,Leader8,Leader9,Leader10,Leader11,Leader12,Leader13,Leader14,N,Software Engineer,NONAE,"Bangalore,India",Enterprise,CE1,Entity1,APAC,India,PCC1,Engineering,100,Office,N,JC14,Engineer,Technology,Engineering,L0,L1,L2,L3,CC1,IT,BU1,Tech,PR1,ProductA,IN1,Software,MS1,Enterprise,India>South,N,2025-01-04,2025-01-04,POS14,SE,Filled,Y,,Y,ORG1,Planning Org,Q1,Q1 FY25,2025,FY25,2025-01,January,Q1-2025,Jan-2025,N,N,N,N,1,SYSTEM,2026-07-01 09:13:04.599730,SYSTEM,2026-07-01 09:13:04.599731,SYSTEM,2026-07-01 09:13:04.599731,SYSTEM,2026-07-01 09:13:04.599731
2025-01-05,EMP,HEADCOUNT,E00015,Employee 15,First15,Last15,A,emp15@test.com,Regular,Hybrid,FULL_TIME,Y,ACTIVE,CompanyX,G5,2025-01-05,Mid,2025-01-05,2025-01-05,,,,,,15.0,0-5 Years,Ecomm,M6,Manager6,Leader1,Leader2,Leader3,Leader4,Leader5,Leader6,Leader7,Leader8,Leader9,Leader10,Leader11,Leader12,Leader13,Leader14,N,Software Engineer,NONAE,"Bangalore,India",Enterprise,CE1,Entity1,APAC,India,PCC1,Engineering,100,Office,N,JC15,Engineer,Technology,Engineering,L0,L1,L2,L3,CC1,IT,BU1,Tech,PR1,ProductA,IN1,Software,MS1,Enterprise,India>South,N,2025-01-05,2025-01-05,POS15,SE,Filled,Y,,Y,ORG1,Planning Org,Q1,Q1 FY25,2025,FY25,2025-01,January,Q1-2025,Jan-2025,N,N,N,N,1,SYSTEM,2026-07-01 09:13:04.599735,SYSTEM,2026-07-01 09:13:04.599736,SYSTEM,2026-07-01 09:13:04.599736,SYSTEM,2026-07-01 09:13:04.599736
2025-01-06,EMP,HEADCOUNT,E00016,Employee 16,First16,Last16,A,emp16@test.com,Regular,Hybrid,FULL_TIME,Y,ACTIVE,CompanyX,G5,2025-01-06,Mid,2025-01-06,2025-01-06,,,,,,16.0,0-5 Years,Ecomm,M7,Manager7,Leader1,Leader2,Leader3,Leader4,Leader5,Leader6,Leader7,Leader8,Leader9,Leader10,Leader11,Leader12,Leader13,Leader14,N,Software Engineer,NONAE,"Bangalore,India",Enterprise,CE1,Entity1,APAC,India,PCC1,Engineering,100,Office,N,JC16,Engineer,Technology,Engineering,L0,L1,L2,L3,CC1,IT,BU1,Tech,PR1,ProductA,IN1,Software,MS1,Enterprise,India>South,N,2025-01-06,2025-01-06,POS16,SE,Filled,Y,,Y,ORG1,Planning Org,Q1,Q1 FY25,2025,FY25,2025-01,January,Q1-2025,Jan-2025,N,N,N,N,1,SYSTEM,2026-07-01 09:13:04.599741,SYSTEM,2026-07-01 09:13:04.599741,SYSTEM,2026-07-01 09:13:04.599742,SYSTEM,2026-07-01 09:13:04.599742
2025-01-07,EMP,HEADCOUNT,E00017,Employee 17,First17,Last17,A,emp17@test.com,Regular,Hybrid,FULL_TIME,Y,ACTIVE,CompanyX,G5,2025-01-07,Mid,2025-01-07,2025-01-07,,,,,,17.0,0-5 Years,Ecomm,M8,Manager8,Leader1,Leader2,Leader3,Leader4,Leader5,Leader6,Leader7,Leader8,Leader9,Leader10,Leader11,Leader12,Leader13,Leader14,N,Software Engineer,NONAE,"Bangalore,India",Enterprise,CE1,Entity1,APAC,India,PCC1,Engineering,100,Office,N,JC17,Engineer,Technology,Engineering,L0,L1,L2,L3,CC1,IT,BU1,Tech,PR1,ProductA,IN1,Software,MS1,Enterprise,India>South,N,2025-01-07,2025-01-07,POS17,SE,Filled,Y,,Y,ORG1,Planning Org,Q1,Q1 FY25,2025,FY25,2025-01,January,Q1-2025,Jan-2025,N,N,N,N,1,SYSTEM,2026-07-01 09:13:04.599746,SYSTEM,2026-07-01 09:13:04.599746,SYSTEM,2026-07-01 09:13:04.599747,SYSTEM,2026-07-01 09:13:04.599747
2025-01-08,EMP,HEADCOUNT,E00018,Employee 18,First18,Last18,A,emp18@test.com,Regular,Hybrid,FULL_TIME,Y,ACTIVE,CompanyX,G5,2025-01-08,Mid,2025-01-08,2025-01-08,,,,,,18.0,0-5 Years,Ecomm,M9,Manager9,Leader1,Leader2,Leader3,Leader4,Leader5,Leader6,Leader7,Leader8,Leader9,Leader10,Leader11,Leader12,Leader13,Leader14,N,Software Engineer,NONAE,"Bangalore,India",Enterprise,CE1,Entity1,APAC,India,PCC1,Engineering,100,Office,N,JC18,Engineer,Technology,Engineering,L0,L1,L2,L3,CC1,IT,BU1,Tech,PR1,ProductA,IN1,Software,MS1,Enterprise,India>South,N,2025-01-08,2025-01-08,POS18,SE,Filled,Y,,Y,ORG1,Planning Org,Q1,Q1 FY25,2025,FY25,2025-01,January,Q1-2025,Jan-2025,N,N,N,N,1,SYSTEM,2026-07-01 09:13:04.599752,SYSTEM,2026-07-01 09:13:04.599752,SYSTEM,2026-07-01 09:13:04.599752,SYSTEM,2026-07-01 09:13:04.599752
2025-01-09,EMP,HEADCOUNT,E00019,Employee 19,First19,Last19,A,emp19@test.com,Regular,Hybrid,FULL_TIME,Y,ACTIVE,CompanyX,G5,2025-01-09,Mid,2025-01-09,2025-01-09,,,,,,19.0,0-5 Years,Ecomm,M10,Manager10,Leader1,Leader2,Leader3,Leader4,Leader5,Leader6,Leader7,Leader8,Leader9,Leader10,Leader11,Leader12,Leader13,Leader14,N,Software Engineer,NONAE,"Bangalore,India",Enterprise,CE1,Entity1,APAC,India,PCC1,Engineering,100,Office,N,JC19,Engineer,Technology,Engineering,L0,L1,L2,L3,CC1,IT,BU1,Tech,PR1,ProductA,IN1,Software,MS1,Enterprise,India>South,N,2025-01-09,2025-01-09,POS19,SE,Filled,Y,,Y,ORG1,Planning Org,Q1,Q1 FY25,2025,FY25,2025-01,January,Q1-2025,Jan-2025,N,N,N,N,1,SYSTEM,2026-07-01 09:13:04.599796,SYSTEM,2026-07-01 09:13:04.599796,SYSTEM,2026-07-01 09:13:04.599797,SYSTEM,2026-07-01 09:13:04.599797
2025-01-10,EMP,HEADCOUNT,E00020,Employee 20,First20,Last20,A,emp20@test.com,Regular,Hybrid,FULL_TIME,Y,ACTIVE,CompanyX,G5,2025-01-10,Mid,2025-01-10,2025-01-10,,,,,,20.0,0-5 Years,Ecomm,M1,Manager1,Leader1,Leader2,Leader3,Leader4,Leader5,Leader6,Leader7,Leader8,Leader9,Leader10,Leader11,Leader12,Leader13,Leader14,N,Software Engineer,NONAE,"Bangalore,India",Enterprise,CE1,Entity1,APAC,India,PCC1,Engineering,100,Office,N,JC20,Engineer,Technology,Engineering,L0,L1,L2,L3,CC1,IT,BU1,Tech,PR1,ProductA,IN1,Software,MS1,Enterprise,India>South,N,2025-01-10,2025-01-10,POS20,SE,Filled,Y,,Y,ORG1,Planning Org,Q1,Q1 FY25,2025,FY25,2025-01,January,Q1-2025,Jan-2025,N,N,N,N,1,SYSTEM,2026-07-01 09:13:04.599802,SYSTEM,2026-07-01 09:13:04.599803,SYSTEM,2026-07-01 09:13:04.599803,SYSTEM,2026-07-01 09:13:04.599803
2025-01-01,EMP,HEADCOUNT,E00021,Employee 21,First21,Last21,A,emp21@test.com,Regular,Hybrid,FULL_TIME,Y,ACTIVE,CompanyX,G5,2025-01-01,Mid,2025-01-01,2025-01-01,,,,,,21.0,0-5 Years,Ecomm,M2,Manager2,Leader1,Leader2,Leader3,Leader4,Leader5,Leader6,Leader7,Leader8,Leader9,Leader10,Leader11,Leader12,Leader13,Leader14,N,Software Engineer,NONAE,"Bangalore,India",Enterprise,CE1,Entity1,APAC,India,PCC1,Engineering,100,Office,N,JC21,Engineer,Technology,Engineering,L0,L1,L2,L3,CC1,IT,BU1,Tech,PR1,ProductA,IN1,Software,MS1,Enterprise,India>South,N,2025-01-01,2025-01-01,POS21,SE,Filled,Y,,Y,ORG1,Planning Org,Q1,Q1 FY25,2025,FY25,2025-01,January,Q1-2025,Jan-2025,N,N,N,N,1,SYSTEM,2026-07-01 09:13:04.599808,SYSTEM,2026-07-01 09:13:04.599808,SYSTEM,2026-07-01 09:13:04.599808,SYSTEM,2026-07-01 09:13:04.599808
2025-01-02,EMP,HEADCOUNT,E00022,Employee 22,First22,Last22,A,emp22@test.com,Regular,Hybrid,FULL_TIME,Y,ACTIVE,CompanyX,G5,2025-01-02,Mid,2025-01-02,2025-01-02,,,,,,22.0,0-5 Years,Ecomm,M3,Manager3,Leader1,Leader2,Leader3,Leader4,Leader5,Leader6,Leader7,Leader8,Leader9,Leader10,Leader11,Leader12,Leader13,Leader14,N,Software Engineer,NONAE,"Bangalore,India",Enterprise,CE1,Entity1,APAC,India,PCC1,Engineering,100,Office,N,JC22,Engineer,Technology,Engineering,L0,L1,L2,L3,CC1,IT,BU1,Tech,PR1,ProductA,IN1,Software,MS1,Enterprise,India>South,N,2025-01-02,2025-01-02,POS22,SE,Filled,Y,,Y,ORG1,Planning Org,Q1,Q1 FY25,2025,FY25,2025-01,January,Q1-2025,Jan-2025,N,N,N,N,1,SYSTEM,2026-07-01 09:13:04.599813,SYSTEM,2026-07-01 09:13:04.599814,SYSTEM,2026-07-01 09:13:04.599814,SYSTEM,2026-07-01 09:13:04.599814
2025-01-03,EMP,HEADCOUNT,E00023,Employee 23,First23,Last23,A,emp23@test.com,Regular,Hybrid,FULL_TIME,Y,ACTIVE,CompanyX,G5,2025-01-03,Mid,2025-01-03,2025-01-03,,,,,,23.0,0-5 Years,Ecomm,M4,Manager4,Leader1,Leader2,Leader3,Leader4,Leader5,Leader6,Leader7,Leader8,Leader9,Leader10,Leader11,Leader12,Leader13,Leader14,N,Software Engineer,NONAE,"Bangalore,India",Enterprise,CE1,Entity1,APAC,India,PCC1,Engineering,100,Office,N,JC23,Engineer,Technology,Engineering,L0,L1,L2,L3,CC1,IT,BU1,Tech,PR1,ProductA,IN1,Software,MS1,Enterprise,India>South,N,2025-01-03,2025-01-03,POS23,SE,Filled,Y,,Y,ORG1,Planning Org,Q1,Q1 FY25,2025,FY25,2025-01,January,Q1-2025,Jan-2025,N,N,N,N,1,SYSTEM,2026-07-01 09:13:04.599820,SYSTEM,2026-07-01 09:13:04.599820,SYSTEM,2026-07-01 09:13:04.599820,SYSTEM,2026-07-01 09:13:04.599820
2025-01-04,EMP,HEADCOUNT,E00024,Employee 24,First24,Last24,A,emp24@test.com,Regular,Hybrid,FULL_TIME,Y,ACTIVE,CompanyX,G5,2025-01-04,Mid,2025-01-04,2025-01-04,,,,,,24.0,0-5 Years,Ecomm,M5,Manager5,Leader1,Leader2,Leader3,Leader4,Leader5,Leader6,Leader7,Leader8,Leader9,Leader10,Leader11,Leader12,Leader13,Leader14,N,Software Engineer,NONAE,"Bangalore,India",Enterprise,CE1,Entity1,APAC,India,PCC1,Engineering,100,Office,N,JC24,Engineer,Technology,Engineering,L0,L1,L2,L3,CC1,IT,BU1,Tech,PR1,ProductA,IN1,Software,MS1,Enterprise,India>South,N,2025-01-04,2025-01-04,POS24,SE,Filled,Y,,Y,ORG1,Planning Org,Q1,Q1 FY25,2025,FY25,2025-01,January,Q1-2025,Jan-2025,N,N,N,N,1,SYSTEM,2026-07-01 09:13:04.599825,SYSTEM,2026-07-01 09:13:04.599826,SYSTEM,2026-07-01 09:13:04.599826,SYSTEM,2026-07-01 09:13:04.599826
2025-01-05,EMP,HEADCOUNT,E00025,Employee 25,First25,Last25,A,emp25@test.com,Regular,Hybrid,FULL_TIME,Y,ACTIVE,CompanyX,G5,2025-01-05,Mid,2025-01-05,2025-01-05,,,,,,25.0,0-5 Years,Ecomm,M6,Manager6,Leader1,Leader2,Leader3,Leader4,Leader5,Leader6,Leader7,Leader8,Leader9,Leader10,Leader11,Leader12,Leader13,Leader14,N,Software Engineer,NONAE,"Bangalore,India",Enterprise,CE1,Entity1,APAC,India,PCC1,Engineering,100,Office,N,JC25,Engineer,Technology,Engineering,L0,L1,L2,L3,CC1,IT,BU1,Tech,PR1,ProductA,IN1,Software,MS1,Enterprise,India>South,N,2025-01-05,2025-01-05,POS25,SE,Filled,Y,,Y,ORG1,Planning Org,Q1,Q1 FY25,2025,FY25,2025-01,January,Q1-2025,Jan-2025,N,N,N,N,1,SYSTEM,2026-07-01 09:13:04.599831,SYSTEM,2026-07-01 09:13:04.599831,SYSTEM,2026-07-01 09:13:04.599831,SYSTEM,2026-07-01 09:13:04.599832
2025-01-06,EMP,HEADCOUNT,E00026,Employee 26,First26,Last26,A,emp26@test.com,Regular,Hybrid,FULL_TIME,Y,ACTIVE,CompanyX,G5,2025-01-06,Mid,2025-01-06,2025-01-06,,,,,,26.0,0-5 Years,Ecomm,M7,Manager7,Leader1,Leader2,Leader3,Leader4,Leader5,Leader6,Leader7,Leader8,Leader9,Leader10,Leader11,Leader12,Leader13,Leader14,N,Software Engineer,NONAE,"Bangalore,India",Enterprise,CE1,Entity1,APAC,India,PCC1,Engineering,100,Office,N,JC26,Engineer,Technology,Engineering,L0,L1,L2,L3,CC1,IT,BU1,Tech,PR1,ProductA,IN1,Software,MS1,Enterprise,India>South,N,2025-01-06,2025-01-06,POS26,SE,Filled,Y,,Y,ORG1,Planning Org,Q1,Q1 FY25,2025,FY25,2025-01,January,Q1-2025,Jan-2025,N,N,N,N,1,SYSTEM,2026-07-01 09:13:04.599837,SYSTEM,2026-07-01 09:13:04.599837,SYSTEM,2026-07-01 09:13:04.599837,SYSTEM,2026-07-01 09:13:04.599838
2025-01-07,EMP,HEADCOUNT,E00027,Employee 27,First27,Last27,A,emp27@test.com,Regular,Hybrid,FULL_TIME,Y,ACTIVE,CompanyX,G5,2025-01-07,Mid,2025-01-07,2025-01-07,,,,,,27.0,0-5 Years,Ecomm,M8,Manager8,Leader1,Leader2,Leader3,Leader4,Leader5,Leader6,Leader7,Leader8,Leader9,Leader10,Leader11,Leader12,Leader13,Leader14,N,Software Engineer,NONAE,"Bangalore,India",Enterprise,CE1,Entity1,APAC,India,PCC1,Engineering,100,Office,N,JC27,Engineer,Technology,Engineering,L0,L1,L2,L3,CC1,IT,BU1,Tech,PR1,ProductA,IN1,Software,MS1,Enterprise,India>South,N,2025-01-07,2025-01-07,POS27,SE,Filled,Y,,Y,ORG1,Planning Org,Q1,Q1 FY25,2025,FY25,2025-01,January,Q1-2025,Jan-2025,N,N,N,N,1,SYSTEM,2026-07-01 09:13:04.599843,SYSTEM,2026-07-01 09:13:04.599843,SYSTEM,2026-07-01 09:13:04.599843,SYSTEM,2026-07-01 09:13:04.599843
2025-01-08,EMP,HEADCOUNT,E00028,Employee 28,First28,Last28,A,emp28@test.com,Regular,Hybrid,FULL_TIME,Y,ACTIVE,CompanyX,G5,2025-01-08,Mid,2025-01-08,2025-01-08,,,,,,28.0,0-5 Years,Ecomm,M9,Manager9,Leader1,Leader2,Leader3,Leader4,Leader5,Leader6,Leader7,Leader8,Leader9,Leader10,Leader11,Leader12,Leader13,Leader14,N,Software Engineer,NONAE,"Bangalore,India",Enterprise,CE1,Entity1,APAC,India,PCC1,Engineering,100,Office,N,JC28,Engineer,Technology,Engineering,L0,L1,L2,L3,CC1,IT,BU1,Tech,PR1,ProductA,IN1,Software,MS1,Enterprise,India>South,N,2025-01-08,2025-01-08,POS28,SE,Filled,Y,,Y,ORG1,Planning Org,Q1,Q1 FY25,2025,FY25,2025-01,January,Q1-2025,Jan-2025,N,N,N,N,1,SYSTEM,2026-07-01 09:13:04.599849,SYSTEM,2026-07-01 09:13:04.599849,SYSTEM,2026-07-01 09:13:04.599849,SYSTEM,2026-07-01 09:13:04.599849
2025-01-09,EMP,HEADCOUNT,E00029,Employee 29,First29,Last29,A,emp29@test.com,Regular,Hybrid,FULL_TIME,Y,ACTIVE,CompanyX,G5,2025-01-09,Mid,2025-01-09,2025-01-09,,,,,,29.0,0-5 Years,Ecomm,M10,Manager10,Leader1,Leader2,Leader3,Leader4,Leader5,Leader6,Leader7,Leader8,Leader9,Leader10,Leader11,Leader12,Leader13,Leader14,N,Software Engineer,NONAE,"Bangalore,India",Enterprise,CE1,Entity1,APAC,India,PCC1,Engineering,100,Office,N,JC29,Engineer,Technology,Engineering,L0,L1,L2,L3,CC1,IT,BU1,Tech,PR1,ProductA,IN1,Software,MS1,Enterprise,India>South,N,2025-01-09,2025-01-09,POS29,SE,Filled,Y,,Y,ORG1,Planning Org,Q1,Q1 FY25,2025,FY25,2025-01,January,Q1-2025,Jan-2025,N,N,N,N,1,SYSTEM,2026-07-01 09:13:04.599853,SYSTEM,2026-07-01 09:13:04.599854,SYSTEM,2026-07-01 09:13:04.599854,SYSTEM,2026-07-01 09:13:04.599854
2025-01-10,EMP,HEADCOUNT,E00030,Employee 30,First30,Last30,A,emp30@test.com,Regular,Hybrid,FULL_TIME,Y,ACTIVE,CompanyX,G5,2025-01-10,Mid,2025-01-10,2025-01-10,,,,,,30.0,0-5 Years,Ecomm,M1,Manager1,Leader1,Leader2,Leader3,Leader4,Leader5,Leader6,Leader7,Leader8,Leader9,Leader10,Leader11,Leader12,Leader13,Leader14,N,Software Engineer,NONAE,"Bangalore,India",Enterprise,CE1,Entity1,APAC,India,PCC1,Engineering,100,Office,N,JC30,Engineer,Technology,Engineering,L0,L1,L2,L3,CC1,IT,BU1,Tech,PR1,ProductA,IN1,Software,MS1,Enterprise,India>South,N,2025-01-10,2025-01-10,POS30,SE,Filled,Y,,Y,ORG1,Planning Org,Q1,Q1 FY25,2025,FY25,2025-01,January,Q1-2025,Jan-2025,N,N,N,N,1,SYSTEM,2026-07-01 09:13:04.599858,SYSTEM,2026-07-01 09:13:04.599858,SYSTEM,2026-07-01 09:13:04.599859,SYSTEM,2026-07-01 09:13:04.599859
2025-01-01,EMP,HEADCOUNT,E00031,Employee 31,First31,Last31,A,emp31@test.com,Regular,Hybrid,FULL_TIME,Y,ACTIVE,CompanyX,G5,2025-01-01,Mid,2025-01-01,2025-01-01,,,,,,31.0,0-5 Years,Ecomm,M2,Manager2,Leader1,Leader2,Leader3,Leader4,Leader5,Leader6,Leader7,Leader8,Leader9,Leader10,Leader11,Leader12,Leader13,Leader14,N,Software Engineer,NONAE,"Bangalore,India",Enterprise,CE1,Entity1,APAC,India,PCC1,Engineering,100,Office,N,JC31,Engineer,Technology,Engineering,L0,L1,L2,L3,CC1,IT,BU1,Tech,PR1,ProductA,IN1,Software,MS1,Enterprise,India>South,N,2025-01-01,2025-01-01,POS31,SE,Filled,Y,,Y,ORG1,Planning Org,Q1,Q1 FY25,2025,FY25,2025-01,January,Q1-2025,Jan-2025,N,N,N,N,1,SYSTEM,2026-07-01 09:13:04.599863,SYSTEM,2026-07-01 09:13:04.599863,SYSTEM,2026-07-01 09:13:04.599864,SYSTEM,2026-07-01 09:13:04.599864
2025-01-02,EMP,HEADCOUNT,E00032,Employee 32,First32,Last32,A,emp32@test.com,Regular,Hybrid,FULL_TIME,Y,ACTIVE,CompanyX,G5,2025-01-02,Mid,2025-01-02,2025-01-02,,,,,,32.0,0-5 Years,Ecomm,M3,Manager3,Leader1,Leader2,Leader3,Leader4,Leader5,Leader6,Leader7,Leader8,Leader9,Leader10,Leader11,Leader12,Leader13,Leader14,N,Software Engineer,NONAE,"Bangalore,India",Enterprise,CE1,Entity1,APAC,India,PCC1,Engineering,100,Office,N,JC32,Engineer,Technology,Engineering,L0,L1,L2,L3,CC1,IT,BU1,Tech,PR1,ProductA,IN1,Software,MS1,Enterprise,India>South,N,2025-01-02,2025-01-02,POS32,SE,Filled,Y,,Y,ORG1,Planning Org,Q1,Q1 FY25,2025,FY25,2025-01,January,Q1-2025,Jan-2025,N,N,N,N,1,SYSTEM,2026-07-01 09:13:04.599868,SYSTEM,2026-07-01 09:13:04.599868,SYSTEM,2026-07-01 09:13:04.599869,SYSTEM,2026-07-01 09:13:04.599869
2025-01-03,EMP,HEADCOUNT,E00033,Employee 33,First33,Last33,A,emp33@test.com,Regular,Hybrid,FULL_TIME,Y,ACTIVE,CompanyX,G5,2025-01-03,Mid,2025-01-03,2025-01-03,,,,,,33.0,0-5 Years,Ecomm,M4,Manager4,Leader1,Leader2,Leader3,Leader4,Leader5,Leader6,Leader7,Leader8,Leader9,Leader10,Leader11,Leader12,Leader13,Leader14,N,Software Engineer,NONAE,"Bangalore,India",Enterprise,CE1,Entity1,APAC,India,PCC1,Engineering,100,Office,N,JC33,Engineer,Technology,Engineering,L0,L1,L2,L3,CC1,IT,BU1,Tech,PR1,ProductA,IN1,Software,MS1,Enterprise,India>South,N,2025-01-03,2025-01-03,POS33,SE,Filled,Y,,Y,ORG1,Planning Org,Q1,Q1 FY25,2025,FY25,2025-01,January,Q1-2025,Jan-2025,N,N,N,N,1,SYSTEM,2026-07-01 09:13:04.599873,SYSTEM,2026-07-01 09:13:04.599874,SYSTEM,2026-07-01 09:13:04.599874,SYSTEM,2026-07-01 09:13:04.599874
2025-01-04,EMP,HEADCOUNT,E00034,Employee 34,First34,Last34,A,emp34@test.com,Regular,Hybrid,FULL_TIME,Y,ACTIVE,CompanyX,G5,2025-01-04,Mid,2025-01-04,2025-01-04,,,,,,34.0,0-5 Years,Ecomm,M5,Manager5,Leader1,Leader2,Leader3,Leader4,Leader5,Leader6,Leader7,Leader8,Leader9,Leader10,Leader11,Leader12,Leader13,Leader14,N,Software Engineer,NONAE,"Bangalore,India",Enterprise,CE1,Entity1,APAC,India,PCC1,Engineering,100,Office,N,JC34,Engineer,Technology,Engineering,L0,L1,L2,L3,CC1,IT,BU1,Tech,PR1,ProductA,IN1,Software,MS1,Enterprise,India>South,N,2025-01-04,2025-01-04,POS34,SE,Filled,Y,,Y,ORG1,Planning Org,Q1,Q1 FY25,2025,FY25,2025-01,January,Q1-2025,Jan-2025,N,N,N,N,1,SYSTEM,2026-07-01 09:13:04.599879,SYSTEM,2026-07-01 09:13:04.599879,SYSTEM,2026-07-01 09:13:04.599879,SYSTEM,2026-07-01 09:13:04.599880
2025-01-05,EMP,HEADCOUNT,E00035,Employee 35,First35,Last35,A,emp35@test.com,Regular,Hybrid,FULL_TIME,Y,ACTIVE,CompanyX,G5,2025-01-05,Mid,2025-01-05,2025-01-05,,,,,,35.0,0-5 Years,Ecomm,M6,Manager6,Leader1,Leader2,Leader3,Leader4,Leader5,Leader6,Leader7,Leader8,Leader9,Leader10,Leader11,Leader12,Leader13,Leader14,N,Software Engineer,NONAE,"Bangalore,India",Enterprise,CE1,Entity1,APAC,India,PCC1,Engineering,100,Office,N,JC35,Engineer,Technology,Engineering,L0,L1,L2,L3,CC1,IT,BU1,Tech,PR1,ProductA,IN1,Software,MS1,Enterprise,India>South,N,2025-01-05,2025-01-05,POS35,SE,Filled,Y,,Y,ORG1,Planning Org,Q1,Q1 FY25,2025,FY25,2025-01,January,Q1-2025,Jan-2025,N,N,N,N,1,SYSTEM,2026-07-01 09:13:04.599884,SYSTEM,2026-07-01 09:13:04.599885,SYSTEM,2026-07-01 09:13:04.599885,SYSTEM,2026-07-01 09:13:04.599885
2025-01-06,EMP,HEADCOUNT,E00036,Employee 36,First36,Last36,A,emp36@test.com,Regular,Hybrid,FULL_TIME,Y,ACTIVE,CompanyX,G5,2025-01-06,Mid,2025-01-06,2025-01-06,,,,,,36.0,0-5 Years,Ecomm,M7,Manager7,Leader1,Leader2,Leader3,Leader4,Leader5,Leader6,Leader7,Leader8,Leader9,Leader10,Leader11,Leader12,Leader13,Leader14,N,Software Engineer,NONAE,"Bangalore,India",Enterprise,CE1,Entity1,APAC,India,PCC1,Engineering,100,Office,N,JC36,Engineer,Technology,Engineering,L0,L1,L2,L3,CC1,IT,BU1,Tech,PR1,ProductA,IN1,Software,MS1,Enterprise,India>South,N,2025-01-06,2025-01-06,POS36,SE,Filled,Y,,Y,ORG1,Planning Org,Q1,Q1 FY25,2025,FY25,2025-01,January,Q1-2025,Jan-2025,N,N,N,N,1,SYSTEM,2026-07-01 09:13:04.599889,SYSTEM,2026-07-01 09:13:04.599889,SYSTEM,2026-07-01 09:13:04.599890,SYSTEM,2026-07-01 09:13:04.599890
2025-01-07,EMP,HEADCOUNT,E00037,Employee 37,First37,Last37,A,emp37@test.com,Regular,Hybrid,FULL_TIME,Y,ACTIVE,CompanyX,G5,2025-01-07,Mid,2025-01-07,2025-01-07,,,,,,37.0,0-5 Years,Ecomm,M8,Manager8,Leader1,Leader2,Leader3,Leader4,Leader5,Leader6,Leader7,Leader8,Leader9,Leader10,Leader11,Leader12,Leader13,Leader14,N,Software Engineer,NONAE,"Bangalore,India",Enterprise,CE1,Entity1,APAC,India,PCC1,Engineering,100,Office,N,JC37,Engineer,Technology,Engineering,L0,L1,L2,L3,CC1,IT,BU1,Tech,PR1,ProductA,IN1,Software,MS1,Enterprise,India>South,N,2025-01-07,2025-01-07,POS37,SE,Filled,Y,,Y,ORG1,Planning Org,Q1,Q1 FY25,2025,FY25,2025-01,January,Q1-2025,Jan-2025,N,N,N,N,1,SYSTEM,2026-07-01 09:13:04.599894,SYSTEM,2026-07-01 09:13:04.599894,SYSTEM,2026-07-01 09:13:04.599895,SYSTEM,2026-07-01 09:13:04.599895
2025-01-08,EMP,HEADCOUNT,E00038,Employee 38,First38,Last38,A,emp38@test.com,Regular,Hybrid,FULL_TIME,Y,ACTIVE,CompanyX,G5,2025-01-08,Mid,2025-01-08,2025-01-08,,,,,,38.0,0-5 Years,Ecomm,M9,Manager9,Leader1,Leader2,Leader3,Leader4,Leader5,Leader6,Leader7,Leader8,Leader9,Leader10,Leader11,Leader12,Leader13,Leader14,N,Software Engineer,NONAE,"Bangalore,India",Enterprise,CE1,Entity1,APAC,India,PCC1,Engineering,100,Office,N,JC38,Engineer,Technology,Engineering,L0,L1,L2,L3,CC1,IT,BU1,Tech,PR1,ProductA,IN1,Software,MS1,Enterprise,India>South,N,2025-01-08,2025-01-08,POS38,SE,Filled,Y,,Y,ORG1,Planning Org,Q1,Q1 FY25,2025,FY25,2025-01,January,Q1-2025,Jan-2025,N,N,N,N,1,SYSTEM,2026-07-01 09:13:04.599901,SYSTEM,2026-07-01 09:13:04.599901,SYSTEM,2026-07-01 09:13:04.599901,SYSTEM,2026-07-01 09:13:04.599902
2025-01-09,EMP,HEADCOUNT,E00039,Employee 39,First39,Last39,A,emp39@test.com,Regular,Hybrid,FULL_TIME,Y,ACTIVE,CompanyX,G5,2025-01-09,Mid,2025-01-09,2025-01-09,,,,,,39.0,0-5 Years,Ecomm,M10,Manager10,Leader1,Leader2,Leader3,Leader4,Leader5,Leader6,Leader7,Leader8,Leader9,Leader10,Leader11,Leader12,Leader13,Leader14,N,Software Engineer,NONAE,"Bangalore,India",Enterprise,CE1,Entity1,APAC,India,PCC1,Engineering,100,Office,N,JC39,Engineer,Technology,Engineering,L0,L1,L2,L3,CC1,IT,BU1,Tech,PR1,ProductA,IN1,Software,MS1,Enterprise,India>South,N,2025-01-09,2025-01-09,POS39,SE,Filled,Y,,Y,ORG1,Planning Org,Q1,Q1 FY25,2025,FY25,2025-01,January,Q1-2025,Jan-2025,N,N,N,N,1,SYSTEM,2026-07-01 09:13:04.599906,SYSTEM,2026-07-01 09:13:04.599906,SYSTEM,2026-07-01 09:13:04.599906,SYSTEM,2026-07-01 09:13:04.599906
2025-01-10,EMP,HEADCOUNT,E00040,Employee 40,First40,Last40,A,emp40@test.com,Regular,Hybrid,FULL_TIME,Y,ACTIVE,CompanyX,G5,2025-01-10,Mid,2025-01-10,2025-01-10,,,,,,40.0,0-5 Years,Ecomm,M1,Manager1,Leader1,Leader2,Leader3,Leader4,Leader5,Leader6,Leader7,Leader8,Leader9,Leader10,Leader11,Leader12,Leader13,Leader14,N,Software Engineer,NONAE,"Bangalore,India",Enterprise,CE1,Entity1,APAC,India,PCC1,Engineering,100,Office,N,JC40,Engineer,Technology,Engineering,L0,L1,L2,L3,CC1,IT,BU1,Tech,PR1,ProductA,IN1,Software,MS1,Enterprise,India>South,N,2025-01-10,2025-01-10,POS40,SE,Filled,Y,,Y,ORG1,Planning Org,Q1,Q1 FY25,2025,FY25,2025-01,January,Q1-2025,Jan-2025,N,N,N,N,1,SYSTEM,2026-07-01 09:13:04.599910,SYSTEM,2026-07-01 09:13:04.599910,SYSTEM,2026-07-01 09:13:04.599911,SYSTEM,2026-07-01 09:13:04.599911
2025-01-01,EMP,HEADCOUNT,E00041,Employee 41,First41,Last41,A,emp41@test.com,Regular,Hybrid,FULL_TIME,Y,ACTIVE,CompanyX,G5,2025-01-01,Mid,2025-01-01,2025-01-01,,,,,,41.0,0-5 Years,Ecomm,M2,Manager2,Leader1,Leader2,Leader3,Leader4,Leader5,Leader6,Leader7,Leader8,Leader9,Leader10,Leader11,Leader12,Leader13,Leader14,N,Software Engineer,NONAE,"Bangalore,India",Enterprise,CE1,Entity1,APAC,India,PCC1,Engineering,100,Office,N,JC41,Engineer,Technology,Engineering,L0,L1,L2,L3,CC1,IT,BU1,Tech,PR1,ProductA,IN1,Software,MS1,Enterprise,India>South,N,2025-01-01,2025-01-01,POS41,SE,Filled,Y,,Y,ORG1,Planning Org,Q1,Q1 FY25,2025,FY25,2025-01,January,Q1-2025,Jan-2025,N,N,N,N,1,SYSTEM,2026-07-01 09:13:04.599915,SYSTEM,2026-07-01 09:13:04.599915,SYSTEM,2026-07-01 09:13:04.599915,SYSTEM,2026-07-01 09:13:04.599915
2025-01-02,EMP,HEADCOUNT,E00042,Employee 42,First42,Last42,A,emp42@test.com,Regular,Hybrid,FULL_TIME,Y,ACTIVE,CompanyX,G5,2025-01-02,Mid,2025-01-02,2025-01-02,,,,,,42.0,0-5 Years,Ecomm,M3,Manager3,Leader1,Leader2,Leader3,Leader4,Leader5,Leader6,Leader7,Leader8,Leader9,Leader10,Leader11,Leader12,Leader13,Leader14,N,Software Engineer,NONAE,"Bangalore,India",Enterprise,CE1,Entity1,APAC,India,PCC1,Engineering,100,Office,N,JC42,Engineer,Technology,Engineering,L0,L1,L2,L3,CC1,IT,BU1,Tech,PR1,ProductA,IN1,Software,MS1,Enterprise,India>South,N,2025-01-02,2025-01-02,POS42,SE,Filled,Y,,Y,ORG1,Planning Org,Q1,Q1 FY25,2025,FY25,2025-01,January,Q1-2025,Jan-2025,N,N,N,N,1,SYSTEM,2026-07-01 09:13:04.599919,SYSTEM,2026-07-01 09:13:04.599920,SYSTEM,2026-07-01 09:13:04.599920,SYSTEM,2026-07-01 09:13:04.599920
2025-01-03,EMP,HEADCOUNT,E00043,Employee 43,First43,Last43,A,emp43@test.com,Regular,Hybrid,FULL_TIME,Y,ACTIVE,CompanyX,G5,2025-01-03,Mid,2025-01-03,2025-01-03,,,,,,43.0,0-5 Years,Ecomm,M4,Manager4,Leader1,Leader2,Leader3,Leader4,Leader5,Leader6,Leader7,Leader8,Leader9,Leader10,Leader11,Leader12,Leader13,Leader14,N,Software Engineer,NONAE,"Bangalore,India",Enterprise,CE1,Entity1,APAC,India,PCC1,Engineering,100,Office,N,JC43,Engineer,Technology,Engineering,L0,L1,L2,L3,CC1,IT,BU1,Tech,PR1,ProductA,IN1,Software,MS1,Enterprise,India>South,N,2025-01-03,2025-01-03,POS43,SE,Filled,Y,,Y,ORG1,Planning Org,Q1,Q1 FY25,2025,FY25,2025-01,January,Q1-2025,Jan-2025,N,N,N,N,1,SYSTEM,2026-07-01 09:13:04.599924,SYSTEM,2026-07-01 09:13:04.599924,SYSTEM,2026-07-01 09:13:04.599925,SYSTEM,2026-07-01 09:13:04.599925
2025-01-04,EMP,HEADCOUNT,E00044,Employee 44,First44,Last44,A,emp44@test.com,Regular,Hybrid,FULL_TIME,Y,ACTIVE,CompanyX,G5,2025-01-04,Mid,2025-01-04,2025-01-04,,,,,,44.0,0-5 Years,Ecomm,M5,Manager5,Leader1,Leader2,Leader3,Leader4,Leader5,Leader6,Leader7,Leader8,Leader9,Leader10,Leader11,Leader12,Leader13,Leader14,N,Software Engineer,NONAE,"Bangalore,India",Enterprise,CE1,Entity1,APAC,India,PCC1,Engineering,100,Office,N,JC44,Engineer,Technology,Engineering,L0,L1,L2,L3,CC1,IT,BU1,Tech,PR1,ProductA,IN1,Software,MS1,Enterprise,India>South,N,2025-01-04,2025-01-04,POS44,SE,Filled,Y,,Y,ORG1,Planning Org,Q1,Q1 FY25,2025,FY25,2025-01,January,Q1-2025,Jan-2025,N,N,N,N,1,SYSTEM,2026-07-01 09:13:04.599929,SYSTEM,2026-07-01 09:13:04.599929,SYSTEM,2026-07-01 09:13:04.599929,SYSTEM,2026-07-01 09:13:04.599930
2025-01-05,EMP,HEADCOUNT,E00045,Employee 45,First45,Last45,A,emp45@test.com,Regular,Hybrid,FULL_TIME,Y,ACTIVE,CompanyX,G5,2025-01-05,Mid,2025-01-05,2025-01-05,,,,,,45.0,0-5 Years,Ecomm,M6,Manager6,Leader1,Leader2,Leader3,Leader4,Leader5,Leader6,Leader7,Leader8,Leader9,Leader10,Leader11,Leader12,Leader13,Leader14,N,Software Engineer,NONAE,"Bangalore,India",Enterprise,CE1,Entity1,APAC,India,PCC1,Engineering,100,Office,N,JC45,Engineer,Technology,Engineering,L0,L1,L2,L3,CC1,IT,BU1,Tech,PR1,ProductA,IN1,Software,MS1,Enterprise,India>South,N,2025-01-05,2025-01-05,POS45,SE,Filled,Y,,Y,ORG1,Planning Org,Q1,Q1 FY25,2025,FY25,2025-01,January,Q1-2025,Jan-2025,N,N,N,N,1,SYSTEM,2026-07-01 09:13:04.599934,SYSTEM,2026-07-01 09:13:04.599934,SYSTEM,2026-07-01 09:13:04.599934,SYSTEM,2026-07-01 09:13:04.599934
2025-01-06,EMP,HEADCOUNT,E00046,Employee 46,First46,Last46,A,emp46@test.com,Regular,Hybrid,FULL_TIME,Y,ACTIVE,CompanyX,G5,2025-01-06,Mid,2025-01-06,2025-01-06,,,,,,46.0,0-5 Years,Ecomm,M7,Manager7,Leader1,Leader2,Leader3,Leader4,Leader5,Leader6,Leader7,Leader8,Leader9,Leader10,Leader11,Leader12,Leader13,Leader14,N,Software Engineer,NONAE,"Bangalore,India",Enterprise,CE1,Entity1,APAC,India,PCC1,Engineering,100,Office,N,JC46,Engineer,Technology,Engineering,L0,L1,L2,L3,CC1,IT,BU1,Tech,PR1,ProductA,IN1,Software,MS1,Enterprise,India>South,N,2025-01-06,2025-01-06,POS46,SE,Filled,Y,,Y,ORG1,Planning Org,Q1,Q1 FY25,2025,FY25,2025-01,January,Q1-2025,Jan-2025,N,N,N,N,1,SYSTEM,2026-07-01 09:13:04.599939,SYSTEM,2026-07-01 09:13:04.599939,SYSTEM,2026-07-01 09:13:04.599939,SYSTEM,2026-07-01 09:13:04.599939
2025-01-07,EMP,HEADCOUNT,E00047,Employee 47,First47,Last47,A,emp47@test.com,Regular,Hybrid,FULL_TIME,Y,ACTIVE,CompanyX,G5,2025-01-07,Mid,2025-01-07,2025-01-07,,,,,,47.0,0-5 Years,Ecomm,M8,Manager8,Leader1,Leader2,Leader3,Leader4,Leader5,Leader6,Leader7,Leader8,Leader9,Leader10,Leader11,Leader12,Leader13,Leader14,N,Software Engineer,NONAE,"Bangalore,India",Enterprise,CE1,Entity1,APAC,India,PCC1,Engineering,100,Office,N,JC47,Engineer,Technology,Engineering,L0,L1,L2,L3,CC1,IT,BU1,Tech,PR1,ProductA,IN1,Software,MS1,Enterprise,India>South,N,2025-01-07,2025-01-07,POS47,SE,Filled,Y,,Y,ORG1,Planning Org,Q1,Q1 FY25,2025,FY25,2025-01,January,Q1-2025,Jan-2025,N,N,N,N,1,SYSTEM,2026-07-01 09:13:04.599943,SYSTEM,2026-07-01 09:13:04.599944,SYSTEM,2026-07-01 09:13:04.599944,SYSTEM,2026-07-01 09:13:04.599944
2025-01-08,EMP,HEADCOUNT,E00048,Employee 48,First48,Last48,A,emp48@test.com,Regular,Hybrid,FULL_TIME,Y,ACTIVE,CompanyX,G5,2025-01-08,Mid,2025-01-08,2025-01-08,,,,,,48.0,0-5 Years,Ecomm,M9,Manager9,Leader1,Leader2,Leader3,Leader4,Leader5,Leader6,Leader7,Leader8,Leader9,Leader10,Leader11,Leader12,Leader13,Leader14,N,Software Engineer,NONAE,"Bangalore,India",Enterprise,CE1,Entity1,APAC,India,PCC1,Engineering,100,Office,N,JC48,Engineer,Technology,Engineering,L0,L1,L2,L3,CC1,IT,BU1,Tech,PR1,ProductA,IN1,Software,MS1,Enterprise,India>South,N,2025-01-08,2025-01-08,POS48,SE,Filled,Y,,Y,ORG1,Planning Org,Q1,Q1 FY25,2025,FY25,2025-01,January,Q1-2025,Jan-2025,N,N,N,N,1,SYSTEM,2026-07-01 09:13:04.599948,SYSTEM,2026-07-01 09:13:04.599948,SYSTEM,2026-07-01 09:13:04.599949,SYSTEM,2026-07-01 09:13:04.599949
2025-01-09,EMP,HEADCOUNT,E00049,Employee 49,First49,Last49,A,emp49@test.com,Regular,Hybrid,FULL_TIME,Y,ACTIVE,CompanyX,G5,2025-01-09,Mid,2025-01-09,2025-01-09,,,,,,49.0,0-5 Years,Ecomm,M10,Manager10,Leader1,Leader2,Leader3,Leader4,Leader5,Leader6,Leader7,Leader8,Leader9,Leader10,Leader11,Leader12,Leader13,Leader14,N,Software Engineer,NONAE,"Bangalore,India",Enterprise,CE1,Entity1,APAC,India,PCC1,Engineering,100,Office,N,JC49,Engineer,Technology,Engineering,L0,L1,L2,L3,CC1,IT,BU1,Tech,PR1,ProductA,IN1,Software,MS1,Enterprise,India>South,N,2025-01-09,2025-01-09,POS49,SE,Filled,Y,,Y,ORG1,Planning Org,Q1,Q1 FY25,2025,FY25,2025-01,January,Q1-2025,Jan-2025,N,N,N,N,1,SYSTEM,2026-07-01 09:13:04.599953,SYSTEM,2026-07-01 09:13:04.599953,SYSTEM,2026-07-01 09:13:04.599953,SYSTEM,2026-07-01 09:13:04.599954
2025-01-10,EMP,HEADCOUNT,E00050,Employee 50,First50,Last50,A,emp50@test.com,Regular,Hybrid,FULL_TIME,Y,ACTIVE,CompanyX,G5,2025-01-10,Mid,2025-01-10,2025-01-10,,,,,,50.0,0-5 Years,Ecomm,M1,Manager1,Leader1,Leader2,Leader3,Leader4,Leader5,Leader6,Leader7,Leader8,Leader9,Leader10,Leader11,Leader12,Leader13,Leader14,N,Software Engineer,NONAE,"Bangalore,India",Enterprise,CE1,Entity1,APAC,India,PCC1,Engineering,100,Office,N,JC50,Engineer,Technology,Engineering,L0,L1,L2,L3,CC1,IT,BU1,Tech,PR1,ProductA,IN1,Software,MS1,Enterprise,India>South,N,2025-01-10,2025-01-10,POS50,SE,Filled,Y,,Y,ORG1,Planning Org,Q1,Q1 FY25,2025,FY25,2025-01,January,Q1-2025,Jan-2025,N,N,N,N,1,SYSTEM,2026-07-01 09:13:04.599957,SYSTEM,2026-07-01 09:13:04.599958,SYSTEM,2026-07-01 09:13:04.599958,SYSTEM,2026-07-01 09:13:04.599958
2025-01-01,EMP,HEADCOUNT,E00051,Employee 51,First51,Last51,A,emp51@test.com,Regular,Hybrid,FULL_TIME,Y,ACTIVE,CompanyX,G5,2025-01-01,Mid,2025-01-01,2025-01-01,,,,,,51.0,0-5 Years,Ecomm,M2,Manager2,Leader1,Leader2,Leader3,Leader4,Leader5,Leader6,Leader7,Leader8,Leader9,Leader10,Leader11,Leader12,Leader13,Leader14,N,Software Engineer,NONAE,"Bangalore,India",Enterprise,CE1,Entity1,APAC,India,PCC1,Engineering,100,Office,N,JC51,Engineer,Technology,Engineering,L0,L1,L2,L3,CC1,IT,BU1,Tech,PR1,ProductA,IN1,Software,MS1,Enterprise,India>South,N,2025-01-01,2025-01-01,POS51,SE,Filled,Y,,Y,ORG1,Planning Org,Q1,Q1 FY25,2025,FY25,2025-01,January,Q1-2025,Jan-2025,N,N,N,N,1,SYSTEM,2026-07-01 09:13:04.599962,SYSTEM,2026-07-01 09:13:04.599962,SYSTEM,2026-07-01 09:13:04.599962,SYSTEM,2026-07-01 09:13:04.599963
2025-01-02,EMP,HEADCOUNT,E00052,Employee 52,First52,Last52,A,emp52@test.com,Regular,Hybrid,FULL_TIME,Y,ACTIVE,CompanyX,G5,2025-01-02,Mid,2025-01-02,2025-01-02,,,,,,52.0,0-5 Years,Ecomm,M3,Manager3,Leader1,Leader2,Leader3,Leader4,Leader5,Leader6,Leader7,Leader8,Leader9,Leader10,Leader11,Leader12,Leader13,Leader14,N,Software Engineer,NONAE,"Bangalore,India",Enterprise,CE1,Entity1,APAC,India,PCC1,Engineering,100,Office,N,JC52,Engineer,Technology,Engineering,L0,L1,L2,L3,CC1,IT,BU1,Tech,PR1,ProductA,IN1,Software,MS1,Enterprise,India>South,N,2025-01-02,2025-01-02,POS52,SE,Filled,Y,,Y,ORG1,Planning Org,Q1,Q1 FY25,2025,FY25,2025-01,January,Q1-2025,Jan-2025,N,N,N,N,1,SYSTEM,2026-07-01 09:13:04.599967,SYSTEM,2026-07-01 09:13:04.599967,SYSTEM,2026-07-01 09:13:04.599967,SYSTEM,2026-07-01 09:13:04.599968
2025-01-03,EMP,HEADCOUNT,E00053,Employee 53,First53,Last53,A,emp53@test.com,Regular,Hybrid,FULL_TIME,Y,ACTIVE,CompanyX,G5,2025-01-03,Mid,2025-01-03,2025-01-03,,,,,,53.0,0-5 Years,Ecomm,M4,Manager4,Leader1,Leader2,Leader3,Leader4,Leader5,Leader6,Leader7,Leader8,Leader9,Leader10,Leader11,Leader12,Leader13,Leader14,N,Software Engineer,NONAE,"Bangalore,India",Enterprise,CE1,Entity1,APAC,India,PCC1,Engineering,100,Office,N,JC53,Engineer,Technology,Engineering,L0,L1,L2,L3,CC1,IT,BU1,Tech,PR1,ProductA,IN1,Software,MS1,Enterprise,India>South,N,2025-01-03,2025-01-03,POS53,SE,Filled,Y,,Y,ORG1,Planning Org,Q1,Q1 FY25,2025,FY25,2025-01,January,Q1-2025,Jan-2025,N,N,N,N,1,SYSTEM,2026-07-01 09:13:04.599971,SYSTEM,2026-07-01 09:13:04.599972,SYSTEM,2026-07-01 09:13:04.599972,SYSTEM,2026-07-01 09:13:04.599972
2025-01-04,EMP,HEADCOUNT,E00054,Employee 54,First54,Last54,A,emp54@test.com,Regular,Hybrid,FULL_TIME,Y,ACTIVE,CompanyX,G5,2025-01-04,Mid,2025-01-04,2025-01-04,,,,,,54.0,0-5 Years,Ecomm,M5,Manager5,Leader1,Leader2,Leader3,Leader4,Leader5,Leader6,Leader7,Leader8,Leader9,Leader10,Leader11,Leader12,Leader13,Leader14,N,Software Engineer,NONAE,"Bangalore,India",Enterprise,CE1,Entity1,APAC,India,PCC1,Engineering,100,Office,N,JC54,Engineer,Technology,Engineering,L0,L1,L2,L3,CC1,IT,BU1,Tech,PR1,ProductA,IN1,Software,MS1,Enterprise,India>South,N,2025-01-04,2025-01-04,POS54,SE,Filled,Y,,Y,ORG1,Planning Org,Q1,Q1 FY25,2025,FY25,2025-01,January,Q1-2025,Jan-2025,N,N,N,N,1,SYSTEM,2026-07-01 09:13:04.599976,SYSTEM,2026-07-01 09:13:04.599976,SYSTEM,2026-07-01 09:13:04.599977,SYSTEM,2026-07-01 09:13:04.599977
2025-01-05,EMP,HEADCOUNT,E00055,Employee 55,First55,Last55,A,emp55@test.com,Regular,Hybrid,FULL_TIME,Y,ACTIVE,CompanyX,G5,2025-01-05,Mid,2025-01-05,2025-01-05,,,,,,55.0,0-5 Years,Ecomm,M6,Manager6,Leader1,Leader2,Leader3,Leader4,Leader5,Leader6,Leader7,Leader8,Leader9,Leader10,Leader11,Leader12,Leader13,Leader14,N,Software Engineer,NONAE,"Bangalore,India",Enterprise,CE1,Entity1,APAC,India,PCC1,Engineering,100,Office,N,JC55,Engineer,Technology,Engineering,L0,L1,L2,L3,CC1,IT,BU1,Tech,PR1,ProductA,IN1,Software,MS1,Enterprise,India>South,N,2025-01-05,2025-01-05,POS55,SE,Filled,Y,,Y,ORG1,Planning Org,Q1,Q1 FY25,2025,FY25,2025-01,January,Q1-2025,Jan-2025,N,N,N,N,1,SYSTEM,2026-07-01 09:13:04.599981,SYSTEM,2026-07-01 09:13:04.599981,SYSTEM,2026-07-01 09:13:04.599982,SYSTEM,2026-07-01 09:13:04.599982
2025-01-06,EMP,HEADCOUNT,E00056,Employee 56,First56,Last56,A,emp56@test.com,Regular,Hybrid,FULL_TIME,Y,ACTIVE,CompanyX,G5,2025-01-06,Mid,2025-01-06,2025-01-06,,,,,,56.0,0-5 Years,Ecomm,M7,Manager7,Leader1,Leader2,Leader3,Leader4,Leader5,Leader6,Leader7,Leader8,Leader9,Leader10,Leader11,Leader12,Leader13,Leader14,N,Software Engineer,NONAE,"Bangalore,India",Enterprise,CE1,Entity1,APAC,India,PCC1,Engineering,100,Office,N,JC56,Engineer,Technology,Engineering,L0,L1,L2,L3,CC1,IT,BU1,Tech,PR1,ProductA,IN1,Software,MS1,Enterprise,India>South,N,2025-01-06,2025-01-06,POS56,SE,Filled,Y,,Y,ORG1,Planning Org,Q1,Q1 FY25,2025,FY25,2025-01,January,Q1-2025,Jan-2025,N,N,N,N,1,SYSTEM,2026-07-01 09:13:04.599986,SYSTEM,2026-07-01 09:13:04.599986,SYSTEM,2026-07-01 09:13:04.599986,SYSTEM,2026-07-01 09:13:04.599987
2025-01-07,EMP,HEADCOUNT,E00057,Employee 57,First57,Last57,A,emp57@test.com,Regular,Hybrid,FULL_TIME,Y,ACTIVE,CompanyX,G5,2025-01-07,Mid,2025-01-07,2025-01-07,,,,,,57.0,0-5 Years,Ecomm,M8,Manager8,Leader1,Leader2,Leader3,Leader4,Leader5,Leader6,Leader7,Leader8,Leader9,Leader10,Leader11,Leader12,Leader13,Leader14,N,Software Engineer,NONAE,"Bangalore,India",Enterprise,CE1,Entity1,APAC,India,PCC1,Engineering,100,Office,N,JC57,Engineer,Technology,Engineering,L0,L1,L2,L3,CC1,IT,BU1,Tech,PR1,ProductA,IN1,Software,MS1,Enterprise,India>South,N,2025-01-07,2025-01-07,POS57,SE,Filled,Y,,Y,ORG1,Planning Org,Q1,Q1 FY25,2025,FY25,2025-01,January,Q1-2025,Jan-2025,N,N,N,N,1,SYSTEM,2026-07-01 09:13:04.599990,SYSTEM,2026-07-01 09:13:04.599990,SYSTEM,2026-07-01 09:13:04.599991,SYSTEM,2026-07-01 09:13:04.599991
2025-01-08,EMP,HEADCOUNT,E00058,Employee 58,First58,Last58,A,emp58@test.com,Regular,Hybrid,FULL_TIME,Y,ACTIVE,CompanyX,G5,2025-01-08,Mid,2025-01-08,2025-01-08,,,,,,58.0,0-5 Years,Ecomm,M9,Manager9,Leader1,Leader2,Leader3,Leader4,Leader5,Leader6,Leader7,Leader8,Leader9,Leader10,Leader11,Leader12,Leader13,Leader14,N,Software Engineer,NONAE,"Bangalore,India",Enterprise,CE1,Entity1,APAC,India,PCC1,Engineering,100,Office,N,JC58,Engineer,Technology,Engineering,L0,L1,L2,L3,CC1,IT,BU1,Tech,PR1,ProductA,IN1,Software,MS1,Enterprise,India>South,N,2025-01-08,2025-01-08,POS58,SE,Filled,Y,,Y,ORG1,Planning Org,Q1,Q1 FY25,2025,FY25,2025-01,January,Q1-2025,Jan-2025,N,N,N,N,1,SYSTEM,2026-07-01 09:13:04.599995,SYSTEM,2026-07-01 09:13:04.599995,SYSTEM,2026-07-01 09:13:04.599996,SYSTEM,2026-07-01 09:13:04.599996
2025-01-09,EMP,HEADCOUNT,E00059,Employee 59,First59,Last59,A,emp59@test.com,Regular,Hybrid,FULL_TIME,Y,ACTIVE,CompanyX,G5,2025-01-09,Mid,2025-01-09,2025-01-09,,,,,,59.0,0-5 Years,Ecomm,M10,Manager10,Leader1,Leader2,Leader3,Leader4,Leader5,Leader6,Leader7,Leader8,Leader9,Leader10,Leader11,Leader12,Leader13,Leader14,N,Software Engineer,NONAE,"Bangalore,India",Enterprise,CE1,Entity1,APAC,India,PCC1,Engineering,100,Office,N,JC59,Engineer,Technology,Engineering,L0,L1,L2,L3,CC1,IT,BU1,Tech,PR1,ProductA,IN1,Software,MS1,Enterprise,India>South,N,2025-01-09,2025-01-09,POS59,SE,Filled,Y,,Y,ORG1,Planning Org,Q1,Q1 FY25,2025,FY25,2025-01,January,Q1-2025,Jan-2025,N,N,N,N,1,SYSTEM,2026-07-01 09:13:04.600000,SYSTEM,2026-07-01 09:13:04.600000,SYSTEM,2026-07-01 09:13:04.600000,SYSTEM,2026-07-01 09:13:04.600001
2025-01-10,EMP,HEADCOUNT,E00060,Employee 60,First60,Last60,A,emp60@test.com,Regular,Hybrid,FULL_TIME,Y,ACTIVE,CompanyX,G5,2025-01-10,Mid,2025-01-10,2025-01-10,,,,,,60.0,0-5 Years,Ecomm,M1,Manager1,Leader1,Leader2,Leader3,Leader4,Leader5,Leader6,Leader7,Leader8,Leader9,Leader10,Leader11,Leader12,Leader13,Leader14,N,Software Engineer,NONAE,"Bangalore,India",Enterprise,CE1,Entity1,APAC,India,PCC1,Engineering,100,Office,N,JC60,Engineer,Technology,Engineering,L0,L1,L2,L3,CC1,IT,BU1,Tech,PR1,ProductA,IN1,Software,MS1,Enterprise,India>South,N,2025-01-10,2025-01-10,POS60,SE,Filled,Y,,Y,ORG1,Planning Org,Q1,Q1 FY25,2025,FY25,2025-01,January,Q1-2025,Jan-2025,N,N,N,N,1,SYSTEM,2026-07-01 09:13:04.600005,SYSTEM,2026-07-01 09:13:04.600005,SYSTEM,2026-07-01 09:13:04.600005,SYSTEM,2026-07-01 09:13:04.600005
2025-01-01,EMP,HEADCOUNT,E00061,Employee 61,First61,Last61,A,emp61@test.com,Regular,Hybrid,FULL_TIME,Y,ACTIVE,CompanyX,G5,2025-01-01,Mid,2025-01-01,2025-01-01,,,,,,61.0,0-5 Years,Ecomm,M2,Manager2,Leader1,Leader2,Leader3,Leader4,Leader5,Leader6,Leader7,Leader8,Leader9,Leader10,Leader11,Leader12,Leader13,Leader14,N,Software Engineer,NONAE,"Bangalore,India",Enterprise,CE1,Entity1,APAC,India,PCC1,Engineering,100,Office,N,JC61,Engineer,Technology,Engineering,L0,L1,L2,L3,CC1,IT,BU1,Tech,PR1,ProductA,IN1,Software,MS1,Enterprise,India>South,N,2025-01-01,2025-01-01,POS61,SE,Filled,Y,,Y,ORG1,Planning Org,Q1,Q1 FY25,2025,FY25,2025-01,January,Q1-2025,Jan-2025,N,N,N,N,1,SYSTEM,2026-07-01 09:13:04.600009,SYSTEM,2026-07-01 09:13:04.600009,SYSTEM,2026-07-01 09:13:04.600010,SYSTEM,2026-07-01 09:13:04.600010
2025-01-02,EMP,HEADCOUNT,E00062,Employee 62,First62,Last62,A,emp62@test.com,Regular,Hybrid,FULL_TIME,Y,ACTIVE,CompanyX,G5,2025-01-02,Mid,2025-01-02,2025-01-02,,,,,,62.0,0-5 Years,Ecomm,M3,Manager3,Leader1,Leader2,Leader3,Leader4,Leader5,Leader6,Leader7,Leader8,Leader9,Leader10,Leader11,Leader12,Leader13,Leader14,N,Software Engineer,NONAE,"Bangalore,India",Enterprise,CE1,Entity1,APAC,India,PCC1,Engineering,100,Office,N,JC62,Engineer,Technology,Engineering,L0,L1,L2,L3,CC1,IT,BU1,Tech,PR1,ProductA,IN1,Software,MS1,Enterprise,India>South,N,2025-01-02,2025-01-02,POS62,SE,Filled,Y,,Y,ORG1,Planning Org,Q1,Q1 FY25,2025,FY25,2025-01,January,Q1-2025,Jan-2025,N,N,N,N,1,SYSTEM,2026-07-01 09:13:04.600014,SYSTEM,2026-07-01 09:13:04.600014,SYSTEM,2026-07-01 09:13:04.600014,SYSTEM,2026-07-01 09:13:04.600014
2025-01-03,EMP,HEADCOUNT,E00063,Employee 63,First63,Last63,A,emp63@test.com,Regular,Hybrid,FULL_TIME,Y,ACTIVE,CompanyX,G5,2025-01-03,Mid,2025-01-03,2025-01-03,,,,,,63.0,0-5 Years,Ecomm,M4,Manager4,Leader1,Leader2,Leader3,Leader4,Leader5,Leader6,Leader7,Leader8,Leader9,Leader10,Leader11,Leader12,Leader13,Leader14,N,Software Engineer,NONAE,"Bangalore,India",Enterprise,CE1,Entity1,APAC,India,PCC1,Engineering,100,Office,N,JC63,Engineer,Technology,Engineering,L0,L1,L2,L3,CC1,IT,BU1,Tech,PR1,ProductA,IN1,Software,MS1,Enterprise,India>South,N,2025-01-03,2025-01-03,POS63,SE,Filled,Y,,Y,ORG1,Planning Org,Q1,Q1 FY25,2025,FY25,2025-01,January,Q1-2025,Jan-2025,N,N,N,N,1,SYSTEM,2026-07-01 09:13:04.600018,SYSTEM,2026-07-01 09:13:04.600018,SYSTEM,2026-07-01 09:13:04.600019,SYSTEM,2026-07-01 09:13:04.600019
2025-01-04,EMP,HEADCOUNT,E00064,Employee 64,First64,Last64,A,emp64@test.com,Regular,Hybrid,FULL_TIME,Y,ACTIVE,CompanyX,G5,2025-01-04,Mid,2025-01-04,2025-01-04,,,,,,64.0,0-5 Years,Ecomm,M5,Manager5,Leader1,Leader2,Leader3,Leader4,Leader5,Leader6,Leader7,Leader8,Leader9,Leader10,Leader11,Leader12,Leader13,Leader14,N,Software Engineer,NONAE,"Bangalore,India",Enterprise,CE1,Entity1,APAC,India,PCC1,Engineering,100,Office,N,JC64,Engineer,Technology,Engineering,L0,L1,L2,L3,CC1,IT,BU1,Tech,PR1,ProductA,IN1,Software,MS1,Enterprise,India>South,N,2025-01-04,2025-01-04,POS64,SE,Filled,Y,,Y,ORG1,Planning Org,Q1,Q1 FY25,2025,FY25,2025-01,January,Q1-2025,Jan-2025,N,N,N,N,1,SYSTEM,2026-07-01 09:13:04.600023,SYSTEM,2026-07-01 09:13:04.600023,SYSTEM,2026-07-01 09:13:04.600023,SYSTEM,2026-07-01 09:13:04.600023
2025-01-05,EMP,HEADCOUNT,E00065,Employee 65,First65,Last65,A,emp65@test.com,Regular,Hybrid,FULL_TIME,Y,ACTIVE,CompanyX,G5,2025-01-05,Mid,2025-01-05,2025-01-05,,,,,,65.0,0-5 Years,Ecomm,M6,Manager6,Leader1,Leader2,Leader3,Leader4,Leader5,Leader6,Leader7,Leader8,Leader9,Leader10,Leader11,Leader12,Leader13,Leader14,N,Software Engineer,NONAE,"Bangalore,India",Enterprise,CE1,Entity1,APAC,India,PCC1,Engineering,100,Office,N,JC65,Engineer,Technology,Engineering,L0,L1,L2,L3,CC1,IT,BU1,Tech,PR1,ProductA,IN1,Software,MS1,Enterprise,India>South,N,2025-01-05,2025-01-05,POS65,SE,Filled,Y,,Y,ORG1,Planning Org,Q1,Q1 FY25,2025,FY25,2025-01,January,Q1-2025,Jan-2025,N,N,N,N,1,SYSTEM,2026-07-01 09:13:04.600028,SYSTEM,2026-07-01 09:13:04.600028,SYSTEM,2026-07-01 09:13:04.600028,SYSTEM,2026-07-01 09:13:04.600028
2025-01-06,EMP,HEADCOUNT,E00066,Employee 66,First66,Last66,A,emp66@test.com,Regular,Hybrid,FULL_TIME,Y,ACTIVE,CompanyX,G5,2025-01-06,Mid,2025-01-06,2025-01-06,,,,,,66.0,0-5 Years,Ecomm,M7,Manager7,Leader1,Leader2,Leader3,Leader4,Leader5,Leader6,Leader7,Leader8,Leader9,Leader10,Leader11,Leader12,Leader13,Leader14,N,Software Engineer,NONAE,"Bangalore,India",Enterprise,CE1,Entity1,APAC,India,PCC1,Engineering,100,Office,N,JC66,Engineer,Technology,Engineering,L0,L1,L2,L3,CC1,IT,BU1,Tech,PR1,ProductA,IN1,Software,MS1,Enterprise,India>South,N,2025-01-06,2025-01-06,POS66,SE,Filled,Y,,Y,ORG1,Planning Org,Q1,Q1 FY25,2025,FY25,2025-01,January,Q1-2025,Jan-2025,N,N,N,N,1,SYSTEM,2026-07-01 09:13:04.600032,SYSTEM,2026-07-01 09:13:04.600032,SYSTEM,2026-07-01 09:13:04.600033,SYSTEM,2026-07-01 09:13:04.600033
2025-01-07,EMP,HEADCOUNT,E00067,Employee 67,First67,Last67,A,emp67@test.com,Regular,Hybrid,FULL_TIME,Y,ACTIVE,CompanyX,G5,2025-01-07,Mid,2025-01-07,2025-01-07,,,,,,67.0,0-5 Years,Ecomm,M8,Manager8,Leader1,Leader2,Leader3,Leader4,Leader5,Leader6,Leader7,Leader8,Leader9,Leader10,Leader11,Leader12,Leader13,Leader14,N,Software Engineer,NONAE,"Bangalore,India",Enterprise,CE1,Entity1,APAC,India,PCC1,Engineering,100,Office,N,JC67,Engineer,Technology,Engineering,L0,L1,L2,L3,CC1,IT,BU1,Tech,PR1,ProductA,IN1,Software,MS1,Enterprise,India>South,N,2025-01-07,2025-01-07,POS67,SE,Filled,Y,,Y,ORG1,Planning Org,Q1,Q1 FY25,2025,FY25,2025-01,January,Q1-2025,Jan-2025,N,N,N,N,1,SYSTEM,2026-07-01 09:13:04.600037,SYSTEM,2026-07-01 09:13:04.600037,SYSTEM,2026-07-01 09:13:04.600037,SYSTEM,2026-07-01 09:13:04.600037
2025-01-08,EMP,HEADCOUNT,E00068,Employee 68,First68,Last68,A,emp68@test.com,Regular,Hybrid,FULL_TIME,Y,ACTIVE,CompanyX,G5,2025-01-08,Mid,2025-01-08,2025-01-08,,,,,,68.0,0-5 Years,Ecomm,M9,Manager9,Leader1,Leader2,Leader3,Leader4,Leader5,Leader6,Leader7,Leader8,Leader9,Leader10,Leader11,Leader12,Leader13,Leader14,N,Software Engineer,NONAE,"Bangalore,India",Enterprise,CE1,Entity1,APAC,India,PCC1,Engineering,100,Office,N,JC68,Engineer,Technology,Engineering,L0,L1,L2,L3,CC1,IT,BU1,Tech,PR1,ProductA,IN1,Software,MS1,Enterprise,India>South,N,2025-01-08,2025-01-08,POS68,SE,Filled,Y,,Y,ORG1,Planning Org,Q1,Q1 FY25,2025,FY25,2025-01,January,Q1-2025,Jan-2025,N,N,N,N,1,SYSTEM,2026-07-01 09:13:04.600041,SYSTEM,2026-07-01 09:13:04.600041,SYSTEM,2026-07-01 09:13:04.600042,SYSTEM,2026-07-01 09:13:04.600042
2025-01-09,EMP,HEADCOUNT,E00069,Employee 69,First69,Last69,A,emp69@test.com,Regular,Hybrid,FULL_TIME,Y,ACTIVE,CompanyX,G5,2025-01-09,Mid,2025-01-09,2025-01-09,,,,,,69.0,0-5 Years,Ecomm,M10,Manager10,Leader1,Leader2,Leader3,Leader4,Leader5,Leader6,Leader7,Leader8,Leader9,Leader10,Leader11,Leader12,Leader13,Leader14,N,Software Engineer,NONAE,"Bangalore,India",Enterprise,CE1,Entity1,APAC,India,PCC1,Engineering,100,Office,N,JC69,Engineer,Technology,Engineering,L0,L1,L2,L3,CC1,IT,BU1,Tech,PR1,ProductA,IN1,Software,MS1,Enterprise,India>South,N,2025-01-09,2025-01-09,POS69,SE,Filled,Y,,Y,ORG1,Planning Org,Q1,Q1 FY25,2025,FY25,2025-01,January,Q1-2025,Jan-2025,N,N,N,N,1,SYSTEM,2026-07-01 09:13:04.600046,SYSTEM,2026-07-01 09:13:04.600046,SYSTEM,2026-07-01 09:13:04.600046,SYSTEM,2026-07-01 09:13:04.600047
2025-01-10,EMP,HEADCOUNT,E00070,Employee 70,First70,Last70,A,emp70@test.com,Regular,Hybrid,FULL_TIME,Y,ACTIVE,CompanyX,G5,2025-01-10,Mid,2025-01-10,2025-01-10,,,,,,70.0,0-5 Years,Ecomm,M1,Manager1,Leader1,Leader2,Leader3,Leader4,Leader5,Leader6,Leader7,Leader8,Leader9,Leader10,Leader11,Leader12,Leader13,Leader14,N,Software Engineer,NONAE,"Bangalore,India",Enterprise,CE1,Entity1,APAC,India,PCC1,Engineering,100,Office,N,JC70,Engineer,Technology,Engineering,L0,L1,L2,L3,CC1,IT,BU1,Tech,PR1,ProductA,IN1,Software,MS1,Enterprise,India>South,N,2025-01-10,2025-01-10,POS70,SE,Filled,Y,,Y,ORG1,Planning Org,Q1,Q1 FY25,2025,FY25,2025-01,January,Q1-2025,Jan-2025,N,N,N,N,1,SYSTEM,2026-07-01 09:13:04.600050,SYSTEM,2026-07-01 09:13:04.600051,SYSTEM,2026-07-01 09:13:04.600051,SYSTEM,2026-07-01 09:13:04.600051
2025-01-01,EMP,HEADCOUNT,E00071,Employee 71,First71,Last71,A,emp71@test.com,Regular,Hybrid,FULL_TIME,Y,ACTIVE,CompanyX,G5,2025-01-01,Mid,2025-01-01,2025-01-01,,,,,,71.0,0-5 Years,Ecomm,M2,Manager2,Leader1,Leader2,Leader3,Leader4,Leader5,Leader6,Leader7,Leader8,Leader9,Leader10,Leader11,Leader12,Leader13,Leader14,N,Software Engineer,NONAE,"Bangalore,India",Enterprise,CE1,Entity1,APAC,India,PCC1,Engineering,100,Office,N,JC71,Engineer,Technology,Engineering,L0,L1,L2,L3,CC1,IT,BU1,Tech,PR1,ProductA,IN1,Software,MS1,Enterprise,India>South,N,2025-01-01,2025-01-01,POS71,SE,Filled,Y,,Y,ORG1,Planning Org,Q1,Q1 FY25,2025,FY25,2025-01,January,Q1-2025,Jan-2025,N,N,N,N,1,SYSTEM,2026-07-01 09:13:04.600055,SYSTEM,2026-07-01 09:13:04.600055,SYSTEM,2026-07-01 09:13:04.600056,SYSTEM,2026-07-01 09:13:04.600056
2025-01-02,EMP,HEADCOUNT,E00072,Employee 72,First72,Last72,A,emp72@test.com,Regular,Hybrid,FULL_TIME,Y,ACTIVE,CompanyX,G5,2025-01-02,Mid,2025-01-02,2025-01-02,,,,,,72.0,0-5 Years,Ecomm,M3,Manager3,Leader1,Leader2,Leader3,Leader4,Leader5,Leader6,Leader7,Leader8,Leader9,Leader10,Leader11,Leader12,Leader13,Leader14,N,Software Engineer,NONAE,"Bangalore,India",Enterprise,CE1,Entity1,APAC,India,PCC1,Engineering,100,Office,N,JC72,Engineer,Technology,Engineering,L0,L1,L2,L3,CC1,IT,BU1,Tech,PR1,ProductA,IN1,Software,MS1,Enterprise,India>South,N,2025-01-02,2025-01-02,POS72,SE,Filled,Y,,Y,ORG1,Planning Org,Q1,Q1 FY25,2025,FY25,2025-01,January,Q1-2025,Jan-2025,N,N,N,N,1,SYSTEM,2026-07-01 09:13:04.600060,SYSTEM,2026-07-01 09:13:04.600060,SYSTEM,2026-07-01 09:13:04.600060,SYSTEM,2026-07-01 09:13:04.600061
2025-01-03,EMP,HEADCOUNT,E00073,Employee 73,First73,Last73,A,emp73@test.com,Regular,Hybrid,FULL_TIME,Y,ACTIVE,CompanyX,G5,2025-01-03,Mid,2025-01-03,2025-01-03,,,,,,73.0,0-5 Years,Ecomm,M4,Manager4,Leader1,Leader2,Leader3,Leader4,Leader5,Leader6,Leader7,Leader8,Leader9,Leader10,Leader11,Leader12,Leader13,Leader14,N,Software Engineer,NONAE,"Bangalore,India",Enterprise,CE1,Entity1,APAC,India,PCC1,Engineering,100,Office,N,JC73,Engineer,Technology,Engineering,L0,L1,L2,L3,CC1,IT,BU1,Tech,PR1,ProductA,IN1,Software,MS1,Enterprise,India>South,N,2025-01-03,2025-01-03,POS73,SE,Filled,Y,,Y,ORG1,Planning Org,Q1,Q1 FY25,2025,FY25,2025-01,January,Q1-2025,Jan-2025,N,N,N,N,1,SYSTEM,2026-07-01 09:13:04.600065,SYSTEM,2026-07-01 09:13:04.600065,SYSTEM,2026-07-01 09:13:04.600065,SYSTEM,2026-07-01 09:13:04.600065
2025-01-04,EMP,HEADCOUNT,E00074,Employee 74,First74,Last74,A,emp74@test.com,Regular,Hybrid,FULL_TIME,Y,ACTIVE,CompanyX,G5,2025-01-04,Mid,2025-01-04,2025-01-04,,,,,,74.0,0-5 Years,Ecomm,M5,Manager5,Leader1,Leader2,Leader3,Leader4,Leader5,Leader6,Leader7,Leader8,Leader9,Leader10,Leader11,Leader12,Leader13,Leader14,N,Software Engineer,NONAE,"Bangalore,India",Enterprise,CE1,Entity1,APAC,India,PCC1,Engineering,100,Office,N,JC74,Engineer,Technology,Engineering,L0,L1,L2,L3,CC1,IT,BU1,Tech,PR1,ProductA,IN1,Software,MS1,Enterprise,India>South,N,2025-01-04,2025-01-04,POS74,SE,Filled,Y,,Y,ORG1,Planning Org,Q1,Q1 FY25,2025,FY25,2025-01,January,Q1-2025,Jan-2025,N,N,N,N,1,SYSTEM,2026-07-01 09:13:04.600069,SYSTEM,2026-07-01 09:13:04.600069,SYSTEM,2026-07-01 09:13:04.600070,SYSTEM,2026-07-01 09:13:04.600070
2025-01-05,EMP,HEADCOUNT,E00075,Employee 75,First75,Last75,A,emp75@test.com,Regular,Hybrid,FULL_TIME,Y,ACTIVE,CompanyX,G5,2025-01-05,Mid,2025-01-05,2025-01-05,,,,,,75.0,0-5 Years,Ecomm,M6,Manager6,Leader1,Leader2,Leader3,Leader4,Leader5,Leader6,Leader7,Leader8,Leader9,Leader10,Leader11,Leader12,Leader13,Leader14,N,Software Engineer,NONAE,"Bangalore,India",Enterprise,CE1,Entity1,APAC,India,PCC1,Engineering,100,Office,N,JC75,Engineer,Technology,Engineering,L0,L1,L2,L3,CC1,IT,BU1,Tech,PR1,ProductA,IN1,Software,MS1,Enterprise,India>South,N,2025-01-05,2025-01-05,POS75,SE,Filled,Y,,Y,ORG1,Planning Org,Q1,Q1 FY25,2025,FY25,2025-01,January,Q1-2025,Jan-2025,N,N,N,N,1,SYSTEM,2026-07-01 09:13:04.600073,SYSTEM,2026-07-01 09:13:04.600074,SYSTEM,2026-07-01 09:13:04.600074,SYSTEM,2026-07-01 09:13:04.600074
2025-01-06,EMP,HEADCOUNT,E00076,Employee 76,First76,Last76,A,emp76@test.com,Regular,Hybrid,FULL_TIME,Y,ACTIVE,CompanyX,G5,2025-01-06,Mid,2025-01-06,2025-01-06,,,,,,76.0,0-5 Years,Ecomm,M7,Manager7,Leader1,Leader2,Leader3,Leader4,Leader5,Leader6,Leader7,Leader8,Leader9,Leader10,Leader11,Leader12,Leader13,Leader14,N,Software Engineer,NONAE,"Bangalore,India",Enterprise,CE1,Entity1,APAC,India,PCC1,Engineering,100,Office,N,JC76,Engineer,Technology,Engineering,L0,L1,L2,L3,CC1,IT,BU1,Tech,PR1,ProductA,IN1,Software,MS1,Enterprise,India>South,N,2025-01-06,2025-01-06,POS76,SE,Filled,Y,,Y,ORG1,Planning Org,Q1,Q1 FY25,2025,FY25,2025-01,January,Q1-2025,Jan-2025,N,N,N,N,1,SYSTEM,2026-07-01 09:13:04.600078,SYSTEM,2026-07-01 09:13:04.600079,SYSTEM,2026-07-01 09:13:04.600079,SYSTEM,2026-07-01 09:13:04.600079
2025-01-07,EMP,HEADCOUNT,E00077,Employee 77,First77,Last77,A,emp77@test.com,Regular,Hybrid,FULL_TIME,Y,ACTIVE,CompanyX,G5,2025-01-07,Mid,2025-01-07,2025-01-07,,,,,,77.0,0-5 Years,Ecomm,M8,Manager8,Leader1,Leader2,Leader3,Leader4,Leader5,Leader6,Leader7,Leader8,Leader9,Leader10,Leader11,Leader12,Leader13,Leader14,N,Software Engineer,NONAE,"Bangalore,India",Enterprise,CE1,Entity1,APAC,India,PCC1,Engineering,100,Office,N,JC77,Engineer,Technology,Engineering,L0,L1,L2,L3,CC1,IT,BU1,Tech,PR1,ProductA,IN1,Software,MS1,Enterprise,India>South,N,2025-01-07,2025-01-07,POS77,SE,Filled,Y,,Y,ORG1,Planning Org,Q1,Q1 FY25,2025,FY25,2025-01,January,Q1-2025,Jan-2025,N,N,N,N,1,SYSTEM,2026-07-01 09:13:04.600083,SYSTEM,2026-07-01 09:13:04.600084,SYSTEM,2026-07-01 09:13:04.600084,SYSTEM,2026-07-01 09:13:04.600084
2025-01-08,EMP,HEADCOUNT,E00078,Employee 78,First78,Last78,A,emp78@test.com,Regular,Hybrid,FULL_TIME,Y,ACTIVE,CompanyX,G5,2025-01-08,Mid,2025-01-08,2025-01-08,,,,,,78.0,0-5 Years,Ecomm,M9,Manager9,Leader1,Leader2,Leader3,Leader4,Leader5,Leader6,Leader7,Leader8,Leader9,Leader10,Leader11,Leader12,Leader13,Leader14,N,Software Engineer,NONAE,"Bangalore,India",Enterprise,CE1,Entity1,APAC,India,PCC1,Engineering,100,Office,N,JC78,Engineer,Technology,Engineering,L0,L1,L2,L3,CC1,IT,BU1,Tech,PR1,ProductA,IN1,Software,MS1,Enterprise,India>South,N,2025-01-08,2025-01-08,POS78,SE,Filled,Y,,Y,ORG1,Planning Org,Q1,Q1 FY25,2025,FY25,2025-01,January,Q1-2025,Jan-2025,N,N,N,N,1,SYSTEM,2026-07-01 09:13:04.600088,SYSTEM,2026-07-01 09:13:04.600088,SYSTEM,2026-07-01 09:13:04.600089,SYSTEM,2026-07-01 09:13:04.600089
2025-01-09,EMP,HEADCOUNT,E00079,Employee 79,First79,Last79,A,emp79@test.com,Regular,Hybrid,FULL_TIME,Y,ACTIVE,CompanyX,G5,2025-01-09,Mid,2025-01-09,2025-01-09,,,,,,79.0,0-5 Years,Ecomm,M10,Manager10,Leader1,Leader2,Leader3,Leader4,Leader5,Leader6,Leader7,Leader8,Leader9,Leader10,Leader11,Leader12,Leader13,Leader14,N,Software Engineer,NONAE,"Bangalore,India",Enterprise,CE1,Entity1,APAC,India,PCC1,Engineering,100,Office,N,JC79,Engineer,Technology,Engineering,L0,L1,L2,L3,CC1,IT,BU1,Tech,PR1,ProductA,IN1,Software,MS1,Enterprise,India>South,N,2025-01-09,2025-01-09,POS79,SE,Filled,Y,,Y,ORG1,Planning Org,Q1,Q1 FY25,2025,FY25,2025-01,January,Q1-2025,Jan-2025,N,N,N,N,1,SYSTEM,2026-07-01 09:13:04.600093,SYSTEM,2026-07-01 09:13:04.600093,SYSTEM,2026-07-01 09:13:04.600094,SYSTEM,2026-07-01 09:13:04.600094
2025-01-10,EMP,HEADCOUNT,E00080,Employee 80,First80,Last80,A,emp80@test.com,Regular,Hybrid,FULL_TIME,Y,ACTIVE,CompanyX,G5,2025-01-10,Mid,2025-01-10,2025-01-10,,,,,,80.0,0-5 Years,Ecomm,M1,Manager1,Leader1,Leader2,Leader3,Leader4,Leader5,Leader6,Leader7,Leader8,Leader9,Leader10,Leader11,Leader12,Leader13,Leader14,N,Software Engineer,NONAE,"Bangalore,India",Enterprise,CE1,Entity1,APAC,India,PCC1,Engineering,100,Office,N,JC80,Engineer,Technology,Engineering,L0,L1,L2,L3,CC1,IT,BU1,Tech,PR1,ProductA,IN1,Software,MS1,Enterprise,India>South,N,2025-01-10,2025-01-10,POS80,SE,Filled,Y,,Y,ORG1,Planning Org,Q1,Q1 FY25,2025,FY25,2025-01,January,Q1-2025,Jan-2025,N,N,N,N,1,SYSTEM,2026-07-01 09:13:04.600098,SYSTEM,2026-07-01 09:13:04.600098,SYSTEM,2026-07-01 09:13:04.600098,SYSTEM,2026-07-01 09:13:04.600098
2025-01-01,EMP,HEADCOUNT,E00081,Employee 81,First81,Last81,A,emp81@test.com,Regular,Hybrid,FULL_TIME,Y,ACTIVE,CompanyX,G5,2025-01-01,Mid,2025-01-01,2025-01-01,,,,,,81.0,0-5 Years,Ecomm,M2,Manager2,Leader1,Leader2,Leader3,Leader4,Leader5,Leader6,Leader7,Leader8,Leader9,Leader10,Leader11,Leader12,Leader13,Leader14,N,Software Engineer,NONAE,"Bangalore,India",Enterprise,CE1,Entity1,APAC,India,PCC1,Engineering,100,Office,N,JC81,Engineer,Technology,Engineering,L0,L1,L2,L3,CC1,IT,BU1,Tech,PR1,ProductA,IN1,Software,MS1,Enterprise,India>South,N,2025-01-01,2025-01-01,POS81,SE,Filled,Y,,Y,ORG1,Planning Org,Q1,Q1 FY25,2025,FY25,2025-01,January,Q1-2025,Jan-2025,N,N,N,N,1,SYSTEM,2026-07-01 09:13:04.600102,SYSTEM,2026-07-01 09:13:04.600103,SYSTEM,2026-07-01 09:13:04.600103,SYSTEM,2026-07-01 09:13:04.600103
2025-01-02,EMP,HEADCOUNT,E00082,Employee 82,First82,Last82,A,emp82@test.com,Regular,Hybrid,FULL_TIME,Y,ACTIVE,CompanyX,G5,2025-01-02,Mid,2025-01-02,2025-01-02,,,,,,82.0,0-5 Years,Ecomm,M3,Manager3,Leader1,Leader2,Leader3,Leader4,Leader5,Leader6,Leader7,Leader8,Leader9,Leader10,Leader11,Leader12,Leader13,Leader14,N,Software Engineer,NONAE,"Bangalore,India",Enterprise,CE1,Entity1,APAC,India,PCC1,Engineering,100,Office,N,JC82,Engineer,Technology,Engineering,L0,L1,L2,L3,CC1,IT,BU1,Tech,PR1,ProductA,IN1,Software,MS1,Enterprise,India>South,N,2025-01-02,2025-01-02,POS82,SE,Filled,Y,,Y,ORG1,Planning Org,Q1,Q1 FY25,2025,FY25,2025-01,January,Q1-2025,Jan-2025,N,N,N,N,1,SYSTEM,2026-07-01 09:13:04.600107,SYSTEM,2026-07-01 09:13:04.600107,SYSTEM,2026-07-01 09:13:04.600107,SYSTEM,2026-07-01 09:13:04.600108
2025-01-03,EMP,HEADCOUNT,E00083,Employee 83,First83,Last83,A,emp83@test.com,Regular,Hybrid,FULL_TIME,Y,ACTIVE,CompanyX,G5,2025-01-03,Mid,2025-01-03,2025-01-03,,,,,,83.0,0-5 Years,Ecomm,M4,Manager4,Leader1,Leader2,Leader3,Leader4,Leader5,Leader6,Leader7,Leader8,Leader9,Leader10,Leader11,Leader12,Leader13,Leader14,N,Software Engineer,NONAE,"Bangalore,India",Enterprise,CE1,Entity1,APAC,India,PCC1,Engineering,100,Office,N,JC83,Engineer,Technology,Engineering,L0,L1,L2,L3,CC1,IT,BU1,Tech,PR1,ProductA,IN1,Software,MS1,Enterprise,India>South,N,2025-01-03,2025-01-03,POS83,SE,Filled,Y,,Y,ORG1,Planning Org,Q1,Q1 FY25,2025,FY25,2025-01,January,Q1-2025,Jan-2025,N,N,N,N,1,SYSTEM,2026-07-01 09:13:04.600111,SYSTEM,2026-07-01 09:13:04.600112,SYSTEM,2026-07-01 09:13:04.600112,SYSTEM,2026-07-01 09:13:04.600112
2025-01-04,EMP,HEADCOUNT,E00084,Employee 84,First84,Last84,A,emp84@test.com,Regular,Hybrid,FULL_TIME,Y,ACTIVE,CompanyX,G5,2025-01-04,Mid,2025-01-04,2025-01-04,,,,,,84.0,0-5 Years,Ecomm,M5,Manager5,Leader1,Leader2,Leader3,Leader4,Leader5,Leader6,Leader7,Leader8,Leader9,Leader10,Leader11,Leader12,Leader13,Leader14,N,Software Engineer,NONAE,"Bangalore,India",Enterprise,CE1,Entity1,APAC,India,PCC1,Engineering,100,Office,N,JC84,Engineer,Technology,Engineering,L0,L1,L2,L3,CC1,IT,BU1,Tech,PR1,ProductA,IN1,Software,MS1,Enterprise,India>South,N,2025-01-04,2025-01-04,POS84,SE,Filled,Y,,Y,ORG1,Planning Org,Q1,Q1 FY25,2025,FY25,2025-01,January,Q1-2025,Jan-2025,N,N,N,N,1,SYSTEM,2026-07-01 09:13:04.600116,SYSTEM,2026-07-01 09:13:04.600117,SYSTEM,2026-07-01 09:13:04.600117,SYSTEM,2026-07-01 09:13:04.600117
2025-01-05,EMP,HEADCOUNT,E00085,Employee 85,First85,Last85,A,emp85@test.com,Regular,Hybrid,FULL_TIME,Y,ACTIVE,CompanyX,G5,2025-01-05,Mid,2025-01-05,2025-01-05,,,,,,85.0,0-5 Years,Ecomm,M6,Manager6,Leader1,Leader2,Leader3,Leader4,Leader5,Leader6,Leader7,Leader8,Leader9,Leader10,Leader11,Leader12,Leader13,Leader14,N,Software Engineer,NONAE,"Bangalore,India",Enterprise,CE1,Entity1,APAC,India,PCC1,Engineering,100,Office,N,JC85,Engineer,Technology,Engineering,L0,L1,L2,L3,CC1,IT,BU1,Tech,PR1,ProductA,IN1,Software,MS1,Enterprise,India>South,N,2025-01-05,2025-01-05,POS85,SE,Filled,Y,,Y,ORG1,Planning Org,Q1,Q1 FY25,2025,FY25,2025-01,January,Q1-2025,Jan-2025,N,N,N,N,1,SYSTEM,2026-07-01 09:13:04.600121,SYSTEM,2026-07-01 09:13:04.600121,SYSTEM,2026-07-01 09:13:04.600122,SYSTEM,2026-07-01 09:13:04.600122
2025-01-06,EMP,HEADCOUNT,E00086,Employee 86,First86,Last86,A,emp86@test.com,Regular,Hybrid,FULL_TIME,Y,ACTIVE,CompanyX,G5,2025-01-06,Mid,2025-01-06,2025-01-06,,,,,,86.0,0-5 Years,Ecomm,M7,Manager7,Leader1,Leader2,Leader3,Leader4,Leader5,Leader6,Leader7,Leader8,Leader9,Leader10,Leader11,Leader12,Leader13,Leader14,N,Software Engineer,NONAE,"Bangalore,India",Enterprise,CE1,Entity1,APAC,India,PCC1,Engineering,100,Office,N,JC86,Engineer,Technology,Engineering,L0,L1,L2,L3,CC1,IT,BU1,Tech,PR1,ProductA,IN1,Software,MS1,Enterprise,India>South,N,2025-01-06,2025-01-06,POS86,SE,Filled,Y,,Y,ORG1,Planning Org,Q1,Q1 FY25,2025,FY25,2025-01,January,Q1-2025,Jan-2025,N,N,N,N,1,SYSTEM,2026-07-01 09:13:04.600126,SYSTEM,2026-07-01 09:13:04.600126,SYSTEM,2026-07-01 09:13:04.600126,SYSTEM,2026-07-01 09:13:04.600127
2025-01-07,EMP,HEADCOUNT,E00087,Employee 87,First87,Last87,A,emp87@test.com,Regular,Hybrid,FULL_TIME,Y,ACTIVE,CompanyX,G5,2025-01-07,Mid,2025-01-07,2025-01-07,,,,,,87.0,0-5 Years,Ecomm,M8,Manager8,Leader1,Leader2,Leader3,Leader4,Leader5,Leader6,Leader7,Leader8,Leader9,Leader10,Leader11,Leader12,Leader13,Leader14,N,Software Engineer,NONAE,"Bangalore,India",Enterprise,CE1,Entity1,APAC,India,PCC1,Engineering,100,Office,N,JC87,Engineer,Technology,Engineering,L0,L1,L2,L3,CC1,IT,BU1,Tech,PR1,ProductA,IN1,Software,MS1,Enterprise,India>South,N,2025-01-07,2025-01-07,POS87,SE,Filled,Y,,Y,ORG1,Planning Org,Q1,Q1 FY25,2025,FY25,2025-01,January,Q1-2025,Jan-2025,N,N,N,N,1,SYSTEM,2026-07-01 09:13:04.600130,SYSTEM,2026-07-01 09:13:04.600131,SYSTEM,2026-07-01 09:13:04.600131,SYSTEM,2026-07-01 09:13:04.600131
2025-01-08,EMP,HEADCOUNT,E00088,Employee 88,First88,Last88,A,emp88@test.com,Regular,Hybrid,FULL_TIME,Y,ACTIVE,CompanyX,G5,2025-01-08,Mid,2025-01-08,2025-01-08,,,,,,88.0,0-5 Years,Ecomm,M9,Manager9,Leader1,Leader2,Leader3,Leader4,Leader5,Leader6,Leader7,Leader8,Leader9,Leader10,Leader11,Leader12,Leader13,Leader14,N,Software Engineer,NONAE,"Bangalore,India",Enterprise,CE1,Entity1,APAC,India,PCC1,Engineering,100,Office,N,JC88,Engineer,Technology,Engineering,L0,L1,L2,L3,CC1,IT,BU1,Tech,PR1,ProductA,IN1,Software,MS1,Enterprise,India>South,N,2025-01-08,2025-01-08,POS88,SE,Filled,Y,,Y,ORG1,Planning Org,Q1,Q1 FY25,2025,FY25,2025-01,January,Q1-2025,Jan-2025,N,N,N,N,1,SYSTEM,2026-07-01 09:13:04.600136,SYSTEM,2026-07-01 09:13:04.600136,SYSTEM,2026-07-01 09:13:04.600136,SYSTEM,2026-07-01 09:13:04.600136
2025-01-09,EMP,HEADCOUNT,E00089,Employee 89,First89,Last89,A,emp89@test.com,Regular,Hybrid,FULL_TIME,Y,ACTIVE,CompanyX,G5,2025-01-09,Mid,2025-01-09,2025-01-09,,,,,,89.0,0-5 Years,Ecomm,M10,Manager10,Leader1,Leader2,Leader3,Leader4,Leader5,Leader6,Leader7,Leader8,Leader9,Leader10,Leader11,Leader12,Leader13,Leader14,N,Software Engineer,NONAE,"Bangalore,India",Enterprise,CE1,Entity1,APAC,India,PCC1,Engineering,100,Office,N,JC89,Engineer,Technology,Engineering,L0,L1,L2,L3,CC1,IT,BU1,Tech,PR1,ProductA,IN1,Software,MS1,Enterprise,India>South,N,2025-01-09,2025-01-09,POS89,SE,Filled,Y,,Y,ORG1,Planning Org,Q1,Q1 FY25,2025,FY25,2025-01,January,Q1-2025,Jan-2025,N,N,N,N,1,SYSTEM,2026-07-01 09:13:04.600140,SYSTEM,2026-07-01 09:13:04.600141,SYSTEM,2026-07-01 09:13:04.600141,SYSTEM,2026-07-01 09:13:04.600141
2025-01-10,EMP,HEADCOUNT,E00090,Employee 90,First90,Last90,A,emp90@test.com,Regular,Hybrid,FULL_TIME,Y,ACTIVE,CompanyX,G5,2025-01-10,Mid,2025-01-10,2025-01-10,,,,,,90.0,0-5 Years,Ecomm,M1,Manager1,Leader1,Leader2,Leader3,Leader4,Leader5,Leader6,Leader7,Leader8,Leader9,Leader10,Leader11,Leader12,Leader13,Leader14,N,Software Engineer,NONAE,"Bangalore,India",Enterprise,CE1,Entity1,APAC,India,PCC1,Engineering,100,Office,N,JC90,Engineer,Technology,Engineering,L0,L1,L2,L3,CC1,IT,BU1,Tech,PR1,ProductA,IN1,Software,MS1,Enterprise,India>South,N,2025-01-10,2025-01-10,POS90,SE,Filled,Y,,Y,ORG1,Planning Org,Q1,Q1 FY25,2025,FY25,2025-01,January,Q1-2025,Jan-2025,N,N,N,N,1,SYSTEM,2026-07-01 09:13:04.600146,SYSTEM,2026-07-01 09:13:04.600146,SYSTEM,2026-07-01 09:13:04.600146,SYSTEM,2026-07-01 09:13:04.600146
2025-01-01,EMP,HEADCOUNT,E00091,Employee 91,First91,Last91,A,emp91@test.com,Regular,Hybrid,FULL_TIME,Y,ACTIVE,CompanyX,G5,2025-01-01,Mid,2025-01-01,2025-01-01,,,,,,91.0,0-5 Years,Ecomm,M2,Manager2,Leader1,Leader2,Leader3,Leader4,Leader5,Leader6,Leader7,Leader8,Leader9,Leader10,Leader11,Leader12,Leader13,Leader14,N,Software Engineer,NONAE,"Bangalore,India",Enterprise,CE1,Entity1,APAC,India,PCC1,Engineering,100,Office,N,JC91,Engineer,Technology,Engineering,L0,L1,L2,L3,CC1,IT,BU1,Tech,PR1,ProductA,IN1,Software,MS1,Enterprise,India>South,N,2025-01-01,2025-01-01,POS91,SE,Filled,Y,,Y,ORG1,Planning Org,Q1,Q1 FY25,2025,FY25,2025-01,January,Q1-2025,Jan-2025,N,N,N,N,1,SYSTEM,2026-07-01 09:13:04.600150,SYSTEM,2026-07-01 09:13:04.600150,SYSTEM,2026-07-01 09:13:04.600151,SYSTEM,2026-07-01 09:13:04.600151
2025-01-02,EMP,HEADCOUNT,E00092,Employee 92,First92,Last92,A,emp92@test.com,Regular,Hybrid,FULL_TIME,Y,ACTIVE,CompanyX,G5,2025-01-02,Mid,2025-01-02,2025-01-02,,,,,,92.0,0-5 Years,Ecomm,M3,Manager3,Leader1,Leader2,Leader3,Leader4,Leader5,Leader6,Leader7,Leader8,Leader9,Leader10,Leader11,Leader12,Leader13,Leader14,N,Software Engineer,NONAE,"Bangalore,India",Enterprise,CE1,Entity1,APAC,India,PCC1,Engineering,100,Office,N,JC92,Engineer,Technology,Engineering,L0,L1,L2,L3,CC1,IT,BU1,Tech,PR1,ProductA,IN1,Software,MS1,Enterprise,India>South,N,2025-01-02,2025-01-02,POS92,SE,Filled,Y,,Y,ORG1,Planning Org,Q1,Q1 FY25,2025,FY25,2025-01,January,Q1-2025,Jan-2025,N,N,N,N,1,SYSTEM,2026-07-01 09:13:04.600155,SYSTEM,2026-07-01 09:13:04.600155,SYSTEM,2026-07-01 09:13:04.600155,SYSTEM,2026-07-01 09:13:04.600156
2025-01-03,EMP,HEADCOUNT,E00093,Employee 93,First93,Last93,A,emp93@test.com,Regular,Hybrid,FULL_TIME,Y,ACTIVE,CompanyX,G5,2025-01-03,Mid,2025-01-03,2025-01-03,,,,,,93.0,0-5 Years,Ecomm,M4,Manager4,Leader1,Leader2,Leader3,Leader4,Leader5,Leader6,Leader7,Leader8,Leader9,Leader10,Leader11,Leader12,Leader13,Leader14,N,Software Engineer,NONAE,"Bangalore,India",Enterprise,CE1,Entity1,APAC,India,PCC1,Engineering,100,Office,N,JC93,Engineer,Technology,Engineering,L0,L1,L2,L3,CC1,IT,BU1,Tech,PR1,ProductA,IN1,Software,MS1,Enterprise,India>South,N,2025-01-03,2025-01-03,POS93,SE,Filled,Y,,Y,ORG1,Planning Org,Q1,Q1 FY25,2025,FY25,2025-01,January,Q1-2025,Jan-2025,N,N,N,N,1,SYSTEM,2026-07-01 09:13:04.600160,SYSTEM,2026-07-01 09:13:04.600160,SYSTEM,2026-07-01 09:13:04.600160,SYSTEM,2026-07-01 09:13:04.600161
2025-01-04,EMP,HEADCOUNT,E00094,Employee 94,First94,Last94,A,emp94@test.com,Regular,Hybrid,FULL_TIME,Y,ACTIVE,CompanyX,G5,2025-01-04,Mid,2025-01-04,2025-01-04,,,,,,94.0,0-5 Years,Ecomm,M5,Manager5,Leader1,Leader2,Leader3,Leader4,Leader5,Leader6,Leader7,Leader8,Leader9,Leader10,Leader11,Leader12,Leader13,Leader14,N,Software Engineer,NONAE,"Bangalore,India",Enterprise,CE1,Entity1,APAC,India,PCC1,Engineering,100,Office,N,JC94,Engineer,Technology,Engineering,L0,L1,L2,L3,CC1,IT,BU1,Tech,PR1,ProductA,IN1,Software,MS1,Enterprise,India>South,N,2025-01-04,2025-01-04,POS94,SE,Filled,Y,,Y,ORG1,Planning Org,Q1,Q1 FY25,2025,FY25,2025-01,January,Q1-2025,Jan-2025,N,N,N,N,1,SYSTEM,2026-07-01 09:13:04.600165,SYSTEM,2026-07-01 09:13:04.600165,SYSTEM,2026-07-01 09:13:04.600165,SYSTEM,2026-07-01 09:13:04.600165
2025-01-05,EMP,HEADCOUNT,E00095,Employee 95,First95,Last95,A,emp95@test.com,Regular,Hybrid,FULL_TIME,Y,ACTIVE,CompanyX,G5,2025-01-05,Mid,2025-01-05,2025-01-05,,,,,,95.0,0-5 Years,Ecomm,M6,Manager6,Leader1,Leader2,Leader3,Leader4,Leader5,Leader6,Leader7,Leader8,Leader9,Leader10,Leader11,Leader12,Leader13,Leader14,N,Software Engineer,NONAE,"Bangalore,India",Enterprise,CE1,Entity1,APAC,India,PCC1,Engineering,100,Office,N,JC95,Engineer,Technology,Engineering,L0,L1,L2,L3,CC1,IT,BU1,Tech,PR1,ProductA,IN1,Software,MS1,Enterprise,India>South,N,2025-01-05,2025-01-05,POS95,SE,Filled,Y,,Y,ORG1,Planning Org,Q1,Q1 FY25,2025,FY25,2025-01,January,Q1-2025,Jan-2025,N,N,N,N,1,SYSTEM,2026-07-01 09:13:04.600170,SYSTEM,2026-07-01 09:13:04.600170,SYSTEM,2026-07-01 09:13:04.600170,SYSTEM,2026-07-01 09:13:04.600171
2025-01-06,EMP,HEADCOUNT,E00096,Employee 96,First96,Last96,A,emp96@test.com,Regular,Hybrid,FULL_TIME,Y,ACTIVE,CompanyX,G5,2025-01-06,Mid,2025-01-06,2025-01-06,,,,,,96.0,0-5 Years,Ecomm,M7,Manager7,Leader1,Leader2,Leader3,Leader4,Leader5,Leader6,Leader7,Leader8,Leader9,Leader10,Leader11,Leader12,Leader13,Leader14,N,Software Engineer,NONAE,"Bangalore,India",Enterprise,CE1,Entity1,APAC,India,PCC1,Engineering,100,Office,N,JC96,Engineer,Technology,Engineering,L0,L1,L2,L3,CC1,IT,BU1,Tech,PR1,ProductA,IN1,Software,MS1,Enterprise,India>South,N,2025-01-06,2025-01-06,POS96,SE,Filled,Y,,Y,ORG1,Planning Org,Q1,Q1 FY25,2025,FY25,2025-01,January,Q1-2025,Jan-2025,N,N,N,N,1,SYSTEM,2026-07-01 09:13:04.600175,SYSTEM,2026-07-01 09:13:04.600175,SYSTEM,2026-07-01 09:13:04.600175,SYSTEM,2026-07-01 09:13:04.600175
2025-01-07,EMP,HEADCOUNT,E00097,Employee 97,First97,Last97,A,emp97@test.com,Regular,Hybrid,FULL_TIME,Y,ACTIVE,CompanyX,G5,2025-01-07,Mid,2025-01-07,2025-01-07,,,,,,97.0,0-5 Years,Ecomm,M8,Manager8,Leader1,Leader2,Leader3,Leader4,Leader5,Leader6,Leader7,Leader8,Leader9,Leader10,Leader11,Leader12,Leader13,Leader14,N,Software Engineer,NONAE,"Bangalore,India",Enterprise,CE1,Entity1,APAC,India,PCC1,Engineering,100,Office,N,JC97,Engineer,Technology,Engineering,L0,L1,L2,L3,CC1,IT,BU1,Tech,PR1,ProductA,IN1,Software,MS1,Enterprise,India>South,N,2025-01-07,2025-01-07,POS97,SE,Filled,Y,,Y,ORG1,Planning Org,Q1,Q1 FY25,2025,FY25,2025-01,January,Q1-2025,Jan-2025,N,N,N,N,1,SYSTEM,2026-07-01 09:13:04.600179,SYSTEM,2026-07-01 09:13:04.600180,SYSTEM,2026-07-01 09:13:04.600180,SYSTEM,2026-07-01 09:13:04.600180
2025-01-08,EMP,HEADCOUNT,E00098,Employee 98,First98,Last98,A,emp98@test.com,Regular,Hybrid,FULL_TIME,Y,ACTIVE,CompanyX,G5,2025-01-08,Mid,2025-01-08,2025-01-08,,,,,,98.0,0-5 Years,Ecomm,M9,Manager9,Leader1,Leader2,Leader3,Leader4,Leader5,Leader6,Leader7,Leader8,Leader9,Leader10,Leader11,Leader12,Leader13,Leader14,N,Software Engineer,NONAE,"Bangalore,India",Enterprise,CE1,Entity1,APAC,India,PCC1,Engineering,100,Office,N,JC98,Engineer,Technology,Engineering,L0,L1,L2,L3,CC1,IT,BU1,Tech,PR1,ProductA,IN1,Software,MS1,Enterprise,India>South,N,2025-01-08,2025-01-08,POS98,SE,Filled,Y,,Y,ORG1,Planning Org,Q1,Q1 FY25,2025,FY25,2025-01,January,Q1-2025,Jan-2025,N,N,N,N,1,SYSTEM,2026-07-01 09:13:04.600184,SYSTEM,2026-07-01 09:13:04.600184,SYSTEM,2026-07-01 09:13:04.600185,SYSTEM,2026-07-01 09:13:04.600185
2025-01-09,EMP,HEADCOUNT,E00099,Employee 99,First99,Last99,A,emp99@test.com,Regular,Hybrid,FULL_TIME,Y,ACTIVE,CompanyX,G5,2025-01-09,Mid,2025-01-09,2025-01-09,,,,,,99.0,0-5 Years,Ecomm,M10,Manager10,Leader1,Leader2,Leader3,Leader4,Leader5,Leader6,Leader7,Leader8,Leader9,Leader10,Leader11,Leader12,Leader13,Leader14,N,Software Engineer,NONAE,"Bangalore,India",Enterprise,CE1,Entity1,APAC,India,PCC1,Engineering,100,Office,N,JC99,Engineer,Technology,Engineering,L0,L1,L2,L3,CC1,IT,BU1,Tech,PR1,ProductA,IN1,Software,MS1,Enterprise,India>South,N,2025-01-09,2025-01-09,POS99,SE,Filled,Y,,Y,ORG1,Planning Org,Q1,Q1 FY25,2025,FY25,2025-01,January,Q1-2025,Jan-2025,N,N,N,N,1,SYSTEM,2026-07-01 09:13:04.600189,SYSTEM,2026-07-01 09:13:04.600189,SYSTEM,2026-07-01 09:13:04.600190,SYSTEM,2026-07-01 09:13:04.600190
2025-01-10,EMP,HEADCOUNT,E00100,Employee 100,First100,Last100,A,emp100@test.com,Regular,Hybrid,FULL_TIME,Y,ACTIVE,CompanyX,G5,2025-01-10,Mid,2025-01-10,2025-01-10,,,,,,100.0,0-5 Years,Ecomm,M1,Manager1,Leader1,Leader2,Leader3,Leader4,Leader5,Leader6,Leader7,Leader8,Leader9,Leader10,Leader11,Leader12,Leader13,Leader14,N,Software Engineer,NONAE,"Bangalore,India",Enterprise,CE1,Entity1,APAC,India,PCC1,Engineering,100,Office,N,JC100,Engineer,Technology,Engineering,L0,L1,L2,L3,CC1,IT,BU1,Tech,PR1,ProductA,IN1,Software,MS1,Enterprise,India>South,N,2025-01-10,2025-01-10,POS100,SE,Filled,Y,,Y,ORG1,Planning Org,Q1,Q1 FY25,2025,FY25,2025-01,January,Q1-2025,Jan-2025,N,N,N,N,1,SYSTEM,2026-07-01 09:13:04.600194,SYSTEM,2026-07-01 09:13:04.600194,SYSTEM,2026-07-01 09:13:04.600195,SYSTEM,2026-07-01 09:13:04.600195
